region,quintile,base,date,index
Euro area,1,2002-01,2002-01-01,100.0
Euro area,1,2002-01,2002-02-01,100.10919352447006
Euro area,1,2002-01,2002-03-01,100.63897434948086
Euro area,1,2002-01,2002-04-01,101.08754280426793
Euro area,1,2002-01,2002-05-01,101.22958415039074
Euro area,1,2002-01,2002-06-01,101.1238414268482
Euro area,1,2002-01,2002-07-01,100.95099041809732
Euro area,1,2002-01,2002-08-01,100.98267472389688
Euro area,1,2002-01,2002-09-01,101.2728158228094
Euro area,1,2002-01,2002-10-01,101.49525951806243
Euro area,1,2002-01,2002-11-01,101.39687601983817
Euro area,1,2002-01,2002-12-01,101.838347748538
Euro area,1,2002-01,2003-01-01,102.06339733188652
Euro area,1,2002-01,2003-02-01,102.5211710399629
Euro area,1,2002-01,2003-03-01,103.10765888920888
Euro area,1,2002-01,2003-04-01,103.17023147463038
Euro area,1,2002-01,2003-05-01,103.1079526953949
Euro area,1,2002-01,2003-06-01,103.22177121411286
Euro area,1,2002-01,2003-07-01,103.01022106692727
Euro area,1,2002-01,2003-08-01,103.14771914028182
Euro area,1,2002-01,2003-09-01,103.57657520389321
Euro area,1,2002-01,2003-10-01,103.73950907060757
Euro area,1,2002-01,2003-11-01,103.84147973423464
Euro area,1,2002-01,2003-12-01,104.06954233355015
Euro area,1,2002-01,2004-01-01,103.98505734688995
Euro area,1,2002-01,2004-02-01,104.1885317061754
Euro area,1,2002-01,2004-03-01,104.90576696911755
Euro area,1,2002-01,2004-04-01,105.40096849810485
Euro area,1,2002-01,2004-05-01,105.74887639881791
Euro area,1,2002-01,2004-06-01,105.76523262862135
Euro area,1,2002-01,2004-07-01,105.4708440372493
Euro area,1,2002-01,2004-08-01,105.64639052063298
Euro area,1,2002-01,2004-09-01,105.78156428440437
Euro area,1,2002-01,2004-10-01,106.22435303034692
Euro area,1,2002-01,2004-11-01,106.14449363091553
Euro area,1,2002-01,2004-12-01,106.57748358197696
Euro area,1,2002-01,2005-01-01,106.09960076518786
Euro area,1,2002-01,2005-02-01,106.49705233185114
Euro area,1,2002-01,2005-03-01,107.30977444624148
Euro area,1,2002-01,2005-04-01,107.75214022821247
Euro area,1,2002-01,2005-05-01,107.9368131507272
Euro area,1,2002-01,2005-06-01,108.08409496778862
Euro area,1,2002-01,2005-07-01,107.89654093384718
Euro area,1,2002-01,2005-08-01,108.12824603186198
Euro area,1,2002-01,2005-09-01,108.8123116759869
Euro area,1,2002-01,2005-10-01,109.10051413660928
Euro area,1,2002-01,2005-11-01,108.88352329356243
Euro area,1,2002-01,2005-12-01,109.19599422634238
Euro area,1,2002-01,2006-01-01,108.92389281940689
Euro area,1,2002-01,2006-02-01,109.21937790578247
Euro area,1,2002-01,2006-03-01,109.8422029782901
Euro area,1,2002-01,2006-04-01,110.54427818343726
Euro area,1,2002-01,2006-05-01,110.87527374706099
Euro area,1,2002-01,2006-06-01,110.9476751536105
Euro area,1,2002-01,2006-07-01,110.75179208033863
Euro area,1,2002-01,2006-08-01,110.83391710487078
Euro area,1,2002-01,2006-09-01,110.88103006916982
Euro area,1,2002-01,2006-10-01,110.99754819054046
Euro area,1,2002-01,2006-11-01,111.06814195820762
Euro area,1,2002-01,2006-12-01,111.42335585989389
Euro area,1,2002-01,2007-01-01,111.06751070022037
Euro area,1,2002-01,2007-02-01,111.34114347567272
Euro area,1,2002-01,2007-03-01,112.0128399726735
Euro area,1,2002-01,2007-04-01,112.70134087778708
Euro area,1,2002-01,2007-05-01,112.92111710221191
Euro area,1,2002-01,2007-06-01,113.022211611595
Euro area,1,2002-01,2007-07-01,112.6928053828713
Euro area,1,2002-01,2007-08-01,112.79535467959944
Euro area,1,2002-01,2007-09-01,113.3362972443275
Euro area,1,2002-01,2007-10-01,113.97732071584554
Euro area,1,2002-01,2007-11-01,114.71921104529817
Euro area,1,2002-01,2007-12-01,115.11723073331214
Euro area,1,2002-01,2008-01-01,114.98888539866282
Euro area,1,2002-01,2008-02-01,115.35848842544752
Euro area,1,2002-01,2008-03-01,116.4687451337723
Euro area,1,2002-01,2008-04-01,116.95307619010703
Euro area,1,2002-01,2008-05-01,117.70847698923485
Euro area,1,2002-01,2008-06-01,118.1632245098796
Euro area,1,2002-01,2008-07-01,117.9824649671436
Euro area,1,2002-01,2008-08-01,117.7605367352543
Euro area,1,2002-01,2008-09-01,118.05355612221422
Euro area,1,2002-01,2008-10-01,118.11497390786553
Euro area,1,2002-01,2008-11-01,117.5344611633929
Euro area,1,2002-01,2008-12-01,117.2352105497157
Euro area,1,2002-01,2009-01-01,116.56663716456086
Euro area,1,2002-01,2009-02-01,116.94228239155369
Euro area,1,2002-01,2009-03-01,117.26899057612519
Euro area,1,2002-01,2009-04-01,117.57415302426016
Euro area,1,2002-01,2009-05-01,117.60973941336937
Euro area,1,2002-01,2009-06-01,117.8491284202425
Euro area,1,2002-01,2009-07-01,116.92997370055625
Euro area,1,2002-01,2009-08-01,117.29298094801675
Euro area,1,2002-01,2009-09-01,117.34775997737306
Euro area,1,2002-01,2009-10-01,117.60537739220112
Euro area,1,2002-01,2009-11-01,117.77656279182382
Euro area,1,2002-01,2009-12-01,118.04397689267603
Euro area,1,2002-01,2010-01-01,117.41844725676276
Euro area,1,2002-01,2010-02-01,117.72000501380455
Euro area,1,2002-01,2010-03-01,118.91471541321738
Euro area,1,2002-01,2010-04-01,119.46150553300498
Euro area,1,2002-01,2010-05-01,119.55222692013771
Euro area,1,2002-01,2010-06-01,119.57060541627342
Euro area,1,2002-01,2010-07-01,119.01474467093651
Euro area,1,2002-01,2010-08-01,119.21498865921187
Euro area,1,2002-01,2010-09-01,119.62497375734526
Euro area,1,2002-01,2010-10-01,120.0006836928
Euro area,1,2002-01,2010-11-01,120.19445227540821
Euro area,1,2002-01,2010-12-01,120.81290816348522
Euro area,1,2002-01,2011-01-01,120.37251960515528
Euro area,1,2002-01,2011-02-01,120.87035334405971
Euro area,1,2002-01,2011-03-01,122.38261975313198
Euro area,1,2002-01,2011-04-01,123.05484933573265
Euro area,1,2002-01,2011-05-01,123.12126055897139
Euro area,1,2002-01,2011-06-01,123.05236786901158
Euro area,1,2002-01,2011-07-01,122.36683536661388
Euro area,1,2002-01,2011-08-01,122.594938394549
Euro area,1,2002-01,2011-09-01,123.49934736429213
Euro area,1,2002-01,2011-10-01,124.03842257014352
Euro area,1,2002-01,2011-11-01,124.2628479349458
Euro area,1,2002-01,2011-12-01,124.53662900325719
Euro area,1,2002-01,2012-01-01,123.88524206859532
Euro area,1,2002-01,2012-02-01,124.48377833399593
Euro area,1,2002-01,2012-03-01,125.97334980589352
Euro area,1,2002-01,2012-04-01,126.50338995680205
Euro area,1,2002-01,2012-05-01,126.37000099576696
Euro area,1,2002-01,2012-06-01,126.30906928811608
Euro area,1,2002-01,2012-07-01,125.5930987442558
Euro area,1,2002-01,2012-08-01,126.09090376035424
Euro area,1,2002-01,2012-09-01,126.99324880138778
Euro area,1,2002-01,2012-10-01,127.41118070107098
Euro area,1,2002-01,2012-11-01,127.22663246634798
Euro area,1,2002-01,2012-12-01,127.55994587032045
Euro area,1,2002-01,2013-01-01,126.62980972258899
Euro area,1,2002-01,2013-02-01,126.97899507539626
Euro area,1,2002-01,2013-03-01,128.294962622862
Euro area,1,2002-01,2013-04-01,128.25504309729837
Euro area,1,2002-01,2013-05-01,128.39681424398464
Euro area,1,2002-01,2013-06-01,128.54534147369242
Euro area,1,2002-01,2013-07-01,127.83632060419909
Euro area,1,2002-01,2013-08-01,127.9689590726494
Euro area,1,2002-01,2013-09-01,128.5766474809483
Euro area,1,2002-01,2013-10-01,128.48500151546875
Euro area,1,2002-01,2013-11-01,128.3582833804571
Euro area,1,2002-01,2013-12-01,128.79214835680128
Euro area,1,2002-01,2014-01-01,127.68027129826554
Euro area,1,2002-01,2014-02-01,127.98581920609884
Euro area,1,2002-01,2014-03-01,128.979799300047
Euro area,1,2002-01,2014-04-01,129.1682876590485
Euro area,1,2002-01,2014-05-01,129.00821469622318
Euro area,1,2002-01,2014-06-01,129.07806437747143
Euro area,1,2002-01,2014-07-01,128.17748273750203
Euro area,1,2002-01,2014-08-01,128.3074162462806
Euro area,1,2002-01,2014-09-01,128.87502552262606
Euro area,1,2002-01,2014-10-01,128.8706572161131
Euro area,1,2002-01,2014-11-01,128.64509778601067
Euro area,1,2002-01,2014-12-01,128.43405979755858
Euro area,1,2002-01,2015-01-01,126.77426561167304
Euro area,1,2002-01,2015-02-01,127.49351565904577
Euro area,1,2002-01,2015-03-01,128.77536743482958
Euro area,1,2002-01,2015-04-01,129.2389635104796
Euro area,1,2002-01,2015-05-01,129.5292596307075
Euro area,1,2002-01,2015-06-01,129.47843236607258
Euro area,1,2002-01,2015-07-01,128.60847316841927
Euro area,1,2002-01,2015-08-01,128.61932120532921
Euro area,1,2002-01,2015-09-01,128.92718266912965
Euro area,1,2002-01,2015-10-01,129.14215675758155
Euro area,1,2002-01,2015-11-01,128.74334505932933
Euro area,1,2002-01,2015-12-01,128.64872793146057
Euro area,1,2002-01,2016-01-01,126.98511390645628
Euro area,1,2002-01,2016-02-01,127.12249517003772
Euro area,1,2002-01,2016-03-01,128.52541046703166
Euro area,1,2002-01,2016-04-01,128.77197141329296
Euro area,1,2002-01,2016-05-01,129.237925443497
Euro area,1,2002-01,2016-06-01,129.4111326698827
Euro area,1,2002-01,2016-07-01,128.7456304135177
Euro area,1,2002-01,2016-08-01,128.80246626594854
Euro area,1,2002-01,2016-09-01,129.26343135961568
Euro area,1,2002-01,2016-10-01,129.63710400052682
Euro area,1,2002-01,2016-11-01,129.3746695078339
Euro area,1,2002-01,2016-12-01,130.00054436624694
Euro area,1,2002-01,2017-01-01,129.25393720288457
Euro area,1,2002-01,2017-02-01,129.71530586425877
Euro area,1,2002-01,2017-03-01,130.57283068266256
Euro area,1,2002-01,2017-04-01,131.19530279800264
Euro area,1,2002-01,2017-05-01,131.07126600095734
Euro area,1,2002-01,2017-06-01,131.05881441146207
Euro area,1,2002-01,2017-07-01,130.41946643559876
Euro area,1,2002-01,2017-08-01,130.73530888179906
Euro area,1,2002-01,2017-09-01,131.27406631859583
Euro area,1,2002-01,2017-10-01,131.52818732637118
Euro area,1,2002-01,2017-11-01,131.47226664404405
Euro area,1,2002-01,2017-12-01,131.8723880341791
Euro area,1,2002-01,2018-01-01,131.0552897815538
Euro area,1,2002-01,2018-02-01,131.22188986397268
Euro area,1,2002-01,2018-03-01,132.51490237012433
Euro area,1,2002-01,2018-04-01,133.03025292427108
Euro area,1,2002-01,2018-05-01,133.72561552853182
Euro area,1,2002-01,2018-06-01,133.826062892503
Euro area,1,2002-01,2018-07-01,133.43005890357279
Euro area,1,2002-01,2018-08-01,133.66179974357917
Euro area,1,2002-01,2018-09-01,134.224331087817
Euro area,1,2002-01,2018-10-01,134.67673085965808
Euro area,1,2002-01,2018-11-01,134.20242264692288
Euro area,1,2002-01,2018-12-01,134.02570957647723
Euro area,1,2002-01,2019-01-01,132.99299323301395
Euro area,1,2002-01,2019-02-01,133.35605478022035
Euro area,1,2002-01,2019-03-01,134.5497605009693
Euro area,1,2002-01,2019-04-01,135.3374211785489
Euro area,1,2002-01,2019-05-01,135.46865611603104
Euro area,1,2002-01,2019-06-01,135.5849874187429
Euro area,1,2002-01,2019-07-01,134.9479659254686
Euro area,1,2002-01,2019-08-01,135.1638691558972
Euro area,1,2002-01,2019-09-01,135.4147812214965
Euro area,1,2002-01,2019-10-01,135.70393035794802
Euro area,1,2002-01,2019-11-01,135.49355724937368
Euro area,1,2002-01,2019-12-01,135.8357922277566
Euro area,1,2002-01,2020-01-01,134.80090047069945
Euro area,1,2002-01,2020-02-01,134.9823892197167
Euro area,1,2002-01,2020-03-01,135.59044984409445
Euro area,1,2002-01,2020-04-01,135.895014198067
Euro area,1,2002-01,2020-05-01,135.78973916541045
Euro area,1,2002-01,2020-06-01,136.12597543352132
Euro area,1,2002-01,2020-07-01,135.45530166152164
Euro area,1,2002-01,2020-08-01,134.92732865980278
Euro area,1,2002-01,2020-09-01,135.03881937801827
Euro area,1,2002-01,2020-10-01,135.3786114803469
Euro area,1,2002-01,2020-11-01,135.15528185447033
Euro area,1,2002-01,2020-12-01,135.4958419529989
Euro area,1,2002-01,2021-01-01,136.03179376575153
Euro area,1,2002-01,2021-02-01,136.26624446117876
Euro area,1,2002-01,2021-03-01,137.42778824407495
Euro area,1,2002-01,2021-04-01,138.2184320081428
Euro area,1,2002-01,2021-05-01,138.56318113313714
Euro area,1,2002-01,2021-06-01,138.90526917219023
Euro area,1,2002-01,2021-07-01,138.80407767921042
Euro area,1,2002-01,2021-08-01,139.27931370872972
Euro area,1,2002-01,2021-09-01,139.93043538328558
Euro area,1,2002-01,2021-10-01,141.32064217680295
Euro area,1,2002-01,2021-11-01,142.13521048021136
Euro area,1,2002-01,2021-12-01,142.84565003122268
Euro area,1,2002-01,2022-01-01,143.87058402080584
Euro area,1,2002-01,2022-02-01,145.27681851848467
Euro area,1,2002-01,2022-03-01,149.0512108899723
Euro area,1,2002-01,2022-04-01,149.90385621053733
Euro area,1,2002-01,2022-05-01,151.19042285530045
Euro area,1,2002-01,2022-06-01,152.30460640417957
Euro area,1,2002-01,2022-07-01,152.76557597715995
Euro area,1,2002-01,2022-08-01,154.0597110789888
Euro area,1,2002-01,2022-09-01,156.3170551318041
Euro area,1,2002-01,2022-10-01,159.15575675963902
Euro area,1,2002-01,2022-11-01,159.08357081380205
Euro area,1,2002-01,2022-12-01,158.0930546710422
Euro area,1,2002-01,2023-01-01,158.07774683878299
Euro area,1,2002-01,2023-02-01,159.2864213644192
Euro area,1,2002-01,2023-03-01,160.55755714787395
Euro area,1,2002-01,2023-04-01,161.38310281746215
Euro area,1,2002-01,2023-05-01,161.28608909753086
Euro area,1,2002-01,2023-06-01,161.52807526791548
Euro area,1,2002-01,2023-07-01,161.26327403929665
Euro area,1,2002-01,2023-08-01,162.07406485500016
Euro area,1,2002-01,2023-09-01,162.61968958984997
Euro area,1,2002-01,2023-10-01,162.83862420482225
Euro area,1,2002-01,2023-11-01,162.07335789083265
Euro area,1,2002-01,2023-12-01,162.36045705541565
Euro area,1,2002-01,2024-01-01,162.20522275528714
Euro area,1,2002-01,2024-02-01,163.071160408786
Euro area,1,2002-01,2024-03-01,164.06552189973232
Euro area,1,2002-01,2024-04-01,164.86893443397156
Euro area,1,2002-01,2024-05-01,165.12327990018247
Euro area,1,2002-01,2024-06-01,165.47478141117844
Euro area,1,2002-01,2024-07-01,165.38781629830484
Euro area,1,2002-01,2024-08-01,165.5987328209224
Euro area,1,2002-01,2024-09-01,165.4784156603931
Euro area,1,2002-01,2024-10-01,166.20541812238184
Euro area,1,2002-01,2024-11-01,165.86701487673972
Euro area,1,2002-01,2024-12-01,166.42010024371737
Euro area,1,2002-01,2025-01-01,166.3099600503719
Euro area,1,2002-01,2025-02-01,166.85898446979067
Euro area,1,2002-01,2025-03-01,167.75109275859904
Euro area,1,2002-01,2025-04-01,168.5821074630226
Euro area,1,2002-01,2025-05-01,168.36334064256727
Euro area,1,2002-01,2025-06-01,168.7541074178921
Euro area,1,2002-01,2025-07-01,168.7986158246485
Euro area,1,2002-01,2025-08-01,168.96751710935277
Euro area,1,2002-01,2025-09-01,169.08837933454043
Euro area,1,2002-01,2025-10-01,169.63427154925134
Euro area,1,2002-01,2025-11-01,169.20291657832408
Euro area,1,2002-01,2025-12-01,169.49661019460171
Euro area,1,2002-01,2026-01-01,168.79301848912453
Euro area,1,2002-01,2026-02-01,169.7730224765593
Euro area,1,2002-01,2026-03-01,171.80777148945896
Euro area,1,2002-01,2026-04-01,173.49106117575596
Euro area,1,2002-01,2026-05-01,173.5268307689161
Euro area,5,2002-01,2002-01-01,100.0
Euro area,5,2002-01,2002-02-01,100.18002305198416
Euro area,5,2002-01,2002-03-01,100.79081491767847
Euro area,5,2002-01,2002-04-01,101.24308141976451
Euro area,5,2002-01,2002-05-01,101.46049870370162
Euro area,5,2002-01,2002-06-01,101.43638020789413
Euro area,5,2002-01,2002-07-01,101.3842759186375
Euro area,5,2002-01,2002-08-01,101.46316070963022
Euro area,5,2002-01,2002-09-01,101.6651414808925
Euro area,5,2002-01,2002-10-01,101.88942807075114
Euro area,5,2002-01,2002-11-01,101.77773321731176
Euro area,5,2002-01,2002-12-01,102.35513909526652
Euro area,5,2002-01,2003-01-01,102.12692471282348
Euro area,5,2002-01,2003-02-01,102.53561203033601
Euro area,5,2002-01,2003-03-01,103.15411239413976
Euro area,5,2002-01,2003-04-01,103.34424889394435
Euro area,5,2002-01,2003-05-01,103.26920802401493
Euro area,5,2002-01,2003-06-01,103.41531603645716
Euro area,5,2002-01,2003-07-01,103.30358108478774
Euro area,5,2002-01,2003-08-01,103.48674268815694
Euro area,5,2002-01,2003-09-01,103.79301513375319
Euro area,5,2002-01,2003-10-01,103.9257447401494
Euro area,5,2002-01,2003-11-01,103.91290756775379
Euro area,5,2002-01,2003-12-01,104.31706096006243
Euro area,5,2002-01,2004-01-01,104.04889684957976
Euro area,5,2002-01,2004-02-01,104.34340135212801
Euro area,5,2002-01,2004-03-01,104.99414668557448
Euro area,5,2002-01,2004-04-01,105.57292015201448
Euro area,5,2002-01,2004-05-01,105.90742161134072
Euro area,5,2002-01,2004-06-01,106.01433325975573
Euro area,5,2002-01,2004-07-01,105.81494119501822
Euro area,5,2002-01,2004-08-01,106.05665418542341
Euro area,5,2002-01,2004-09-01,106.12180421238804
Euro area,5,2002-01,2004-10-01,106.4939038545553
Euro area,5,2002-01,2004-11-01,106.37909113057052
Euro area,5,2002-01,2004-12-01,106.82571711755726
Euro area,5,2002-01,2005-01-01,106.01787384959937
Euro area,5,2002-01,2005-02-01,106.42470302824027
Euro area,5,2002-01,2005-03-01,107.24323531269032
Euro area,5,2002-01,2005-04-01,107.69507757187777
Euro area,5,2002-01,2005-05-01,107.9555848970779
Euro area,5,2002-01,2005-06-01,108.07759526619316
Euro area,5,2002-01,2005-07-01,107.97574623766918
Euro area,5,2002-01,2005-08-01,108.26625303776885
Euro area,5,2002-01,2005-09-01,108.7745379573487
Euro area,5,2002-01,2005-10-01,109.04976318521224
Euro area,5,2002-01,2005-11-01,108.76475101951644
Euro area,5,2002-01,2005-12-01,109.17916743843692
Euro area,5,2002-01,2006-01-01,108.50758124460344
Euro area,5,2002-01,2006-02-01,108.84328940676579
Euro area,5,2002-01,2006-03-01,109.50349121482337
Euro area,5,2002-01,2006-04-01,110.27818954441176
Euro area,5,2002-01,2006-05-01,110.58626608787227
Euro area,5,2002-01,2006-06-01,110.68314614671341
Euro area,5,2002-01,2006-07-01,110.5503380823145
Euro area,5,2002-01,2006-08-01,110.67486773285773
Euro area,5,2002-01,2006-09-01,110.61283149118621
Euro area,5,2002-01,2006-10-01,110.67233024804575
Euro area,5,2002-01,2006-11-01,110.69517893494485
Euro area,5,2002-01,2006-12-01,111.17893597801019
Euro area,5,2002-01,2007-01-01,110.4697493016036
Euro area,5,2002-01,2007-02-01,110.8413684619602
Euro area,5,2002-01,2007-03-01,111.65691826320557
Euro area,5,2002-01,2007-04-01,112.40703634026137
Euro area,5,2002-01,2007-05-01,112.69898259673417
Euro area,5,2002-01,2007-06-01,112.82643388872991
Euro area,5,2002-01,2007-07-01,112.56312390967655
Euro area,5,2002-01,2007-08-01,112.64701172354124
Euro area,5,2002-01,2007-09-01,113.0101495967614
Euro area,5,2002-01,2007-10-01,113.52087179949824
Euro area,5,2002-01,2007-11-01,114.08314741294899
Euro area,5,2002-01,2007-12-01,114.59180706615952
Euro area,5,2002-01,2008-01-01,113.99970702309739
Euro area,5,2002-01,2008-02-01,114.45223326963855
Euro area,5,2002-01,2008-03-01,115.63166053766372
Euro area,5,2002-01,2008-04-01,115.97621440355881
Euro area,5,2002-01,2008-05-01,116.72334847384533
Euro area,5,2002-01,2008-06-01,117.20005200497556
Euro area,5,2002-01,2008-07-01,117.01818126848733
Euro area,5,2002-01,2008-08-01,116.89952170479967
Euro area,5,2002-01,2008-09-01,117.05605658560843
Euro area,5,2002-01,2008-10-01,117.0633727626293
Euro area,5,2002-01,2008-11-01,116.47265389277356
Euro area,5,2002-01,2008-12-01,116.38745452172967
Euro area,5,2002-01,2009-01-01,115.23223975847554
Euro area,5,2002-01,2009-02-01,115.79802350144537
Euro area,5,2002-01,2009-03-01,116.29895291838407
Euro area,5,2002-01,2009-04-01,116.78209118644271
Euro area,5,2002-01,2009-05-01,116.84642539742553
Euro area,5,2002-01,2009-06-01,117.09053817021426
Euro area,5,2002-01,2009-07-01,116.33437324888902
Euro area,5,2002-01,2009-08-01,116.79250465540582
Euro area,5,2002-01,2009-09-01,116.73833158432345
Euro area,5,2002-01,2009-10-01,117.01394476879531
Euro area,5,2002-01,2009-11-01,117.10276270937123
Euro area,5,2002-01,2009-12-01,117.53689495988256
Euro area,5,2002-01,2010-01-01,116.3355210264845
Euro area,5,2002-01,2010-02-01,116.7574938471478
Euro area,5,2002-01,2010-03-01,118.14956923356314
Euro area,5,2002-01,2010-04-01,118.61199737536616
Euro area,5,2002-01,2010-05-01,118.76409770858037
Euro area,5,2002-01,2010-06-01,118.76353225431428
Euro area,5,2002-01,2010-07-01,118.22344909764035
Euro area,5,2002-01,2010-08-01,118.4726368865773
Euro area,5,2002-01,2010-09-01,118.8432577463721
Euro area,5,2002-01,2010-10-01,119.21228944082809
Euro area,5,2002-01,2010-11-01,119.26673855416168
Euro area,5,2002-01,2010-12-01,120.04937805754116
Euro area,5,2002-01,2011-01-01,118.9229556524177
Euro area,5,2002-01,2011-02-01,119.46768408533256
Euro area,5,2002-01,2011-03-01,121.21571946047787
Euro area,5,2002-01,2011-04-01,121.94098545892973
Euro area,5,2002-01,2011-05-01,121.93125593569798
Euro area,5,2002-01,2011-06-01,121.94528606910515
Euro area,5,2002-01,2011-07-01,121.19405372356992
Euro area,5,2002-01,2011-08-01,121.4491659780186
Euro area,5,2002-01,2011-09-01,122.35614031361747
Euro area,5,2002-01,2011-10-01,122.7432220607696
Euro area,5,2002-01,2011-11-01,122.77853025141532
Euro area,5,2002-01,2011-12-01,123.28373697493163
Euro area,5,2002-01,2012-01-01,122.01301796766198
Euro area,5,2002-01,2012-02-01,122.68144929595586
Euro area,5,2002-01,2012-03-01,124.43647431409426
Euro area,5,2002-01,2012-04-01,125.0661703472954
Euro area,5,2002-01,2012-05-01,124.88027011148814
Euro area,5,2002-01,2012-06-01,124.78229330040493
Euro area,5,2002-01,2012-07-01,124.09037554646294
Euro area,5,2002-01,2012-08-01,124.59295797744711
Euro area,5,2002-01,2012-09-01,125.51186257978462
Euro area,5,2002-01,2012-10-01,125.77417631647263
Euro area,5,2002-01,2012-11-01,125.45945494602988
Euro area,5,2002-01,2012-12-01,125.99699585814079
Euro area,5,2002-01,2013-01-01,124.38510900127497
Euro area,5,2002-01,2013-02-01,124.9106510978327
Euro area,5,2002-01,2013-03-01,126.59042807513895
Euro area,5,2002-01,2013-04-01,126.44650811455931
Euro area,5,2002-01,2013-05-01,126.59169655985443
Euro area,5,2002-01,2013-06-01,126.73323008196715
Euro area,5,2002-01,2013-07-01,125.9948620263031
Euro area,5,2002-01,2013-08-01,126.1774829049827
Euro area,5,2002-01,2013-09-01,126.80611521975773
Euro area,5,2002-01,2013-10-01,126.64801694466259
Euro area,5,2002-01,2013-11-01,126.50614000775562
Euro area,5,2002-01,2013-12-01,126.98364267220714
Euro area,5,2002-01,2014-01-01,125.30149621400174
Euro area,5,2002-01,2014-02-01,125.75743492024702
Euro area,5,2002-01,2014-03-01,127.13315288684524
Euro area,5,2002-01,2014-04-01,127.34948486118685
Euro area,5,2002-01,2014-05-01,127.20158926017966
Euro area,5,2002-01,2014-06-01,127.38340580391552
Euro area,5,2002-01,2014-07-01,126.51272155392925
Euro area,5,2002-01,2014-08-01,126.70928841955775
Euro area,5,2002-01,2014-09-01,127.24915602337332
Euro area,5,2002-01,2014-10-01,127.13606787613472
Euro area,5,2002-01,2014-11-01,126.84963584807053
Euro area,5,2002-01,2014-12-01,126.77886801872178
Euro area,5,2002-01,2015-01-01,124.46938036549358
Euro area,5,2002-01,2015-02-01,125.35218462588635
Euro area,5,2002-01,2015-03-01,127.01554853514776
Euro area,5,2002-01,2015-04-01,127.64167722696149
Euro area,5,2002-01,2015-05-01,128.04467600228594
Euro area,5,2002-01,2015-06-01,128.09450913765002
Euro area,5,2002-01,2015-07-01,127.34491134465011
Euro area,5,2002-01,2015-08-01,127.39269687116239
Euro area,5,2002-01,2015-09-01,127.55892759231264
Euro area,5,2002-01,2015-10-01,127.67587424880979
Euro area,5,2002-01,2015-11-01,126.95926558347344
Euro area,5,2002-01,2015-12-01,127.07512301873159
Euro area,5,2002-01,2016-01-01,124.905154329048
Euro area,5,2002-01,2016-02-01,125.20062694400693
Euro area,5,2002-01,2016-03-01,126.98964432227122
Euro area,5,2002-01,2016-04-01,127.27560393600672
Euro area,5,2002-01,2016-05-01,127.86180810867936
Euro area,5,2002-01,2016-06-01,128.1283887257714
Euro area,5,2002-01,2016-07-01,127.50988492749163
Euro area,5,2002-01,2016-08-01,127.64254840479856
Euro area,5,2002-01,2016-09-01,128.075726991598
Euro area,5,2002-01,2016-10-01,128.34376747828523
Euro area,5,2002-01,2016-11-01,127.70498348127637
Euro area,5,2002-01,2016-12-01,128.47921851494476
Euro area,5,2002-01,2017-01-01,127.0306458960294
Euro area,5,2002-01,2017-02-01,127.60507023486373
Euro area,5,2002-01,2017-03-01,128.86725098574155
Euro area,5,2002-01,2017-04-01,129.72790180419628
Euro area,5,2002-01,2017-05-01,129.5934531059775
Euro area,5,2002-01,2017-06-01,129.80897755972833
Euro area,5,2002-01,2017-07-01,129.2554978886129
Euro area,5,2002-01,2017-08-01,129.66525903527082
Euro area,5,2002-01,2017-09-01,130.1047471365808
Euro area,5,2002-01,2017-10-01,130.05360582588247
Euro area,5,2002-01,2017-11-01,129.60512494261135
Euro area,5,2002-01,2017-12-01,130.13526265623545
Euro area,5,2002-01,2018-01-01,128.62148340569334
Euro area,5,2002-01,2018-02-01,128.99771324049033
Euro area,5,2002-01,2018-03-01,130.6274556747491
Euro area,5,2002-01,2018-04-01,131.19719382518406
Euro area,5,2002-01,2018-05-01,132.13395261449293
Euro area,5,2002-01,2018-06-01,132.34951749116613
Euro area,5,2002-01,2018-07-01,132.1094351733504
Euro area,5,2002-01,2018-08-01,132.34567489732828
Euro area,5,2002-01,2018-09-01,132.77304664871474
Euro area,5,2002-01,2018-10-01,133.03543892376842
Euro area,5,2002-01,2018-11-01,132.0645135561354
Euro area,5,2002-01,2018-12-01,132.07689088132582
Euro area,5,2002-01,2019-01-01,130.3725813061967
Euro area,5,2002-01,2019-02-01,130.83828311090247
Euro area,5,2002-01,2019-03-01,132.35699605207782
Euro area,5,2002-01,2019-04-01,133.51716544355102
Euro area,5,2002-01,2019-05-01,133.7014202716067
Euro area,5,2002-01,2019-06-01,134.00516230733226
Euro area,5,2002-01,2019-07-01,133.3646783368399
Euro area,5,2002-01,2019-08-01,133.58843496065663
Euro area,5,2002-01,2019-09-01,133.7978169685922
Euro area,5,2002-01,2019-10-01,133.94013076471936
Euro area,5,2002-01,2019-11-01,133.30969394921897
Euro area,5,2002-01,2019-12-01,133.8312497010076
Euro area,5,2002-01,2020-01-01,132.16303924859483
Euro area,5,2002-01,2020-02-01,132.48992667748186
Euro area,5,2002-01,2020-03-01,133.31598815423368
Euro area,5,2002-01,2020-04-01,133.8030307016411
Euro area,5,2002-01,2020-05-01,133.66327098151413
Euro area,5,2002-01,2020-06-01,134.2338184472576
Euro area,5,2002-01,2020-07-01,133.78417634205502
Euro area,5,2002-01,2020-08-01,133.16330606202555
Euro area,5,2002-01,2020-09-01,133.16507963975675
Euro area,5,2002-01,2020-10-01,133.3599904340238
Euro area,5,2002-01,2020-11-01,132.72130095581355
Euro area,5,2002-01,2020-12-01,133.269595972472
Euro area,5,2002-01,2021-01-01,133.39951069667072
Euro area,5,2002-01,2021-02-01,133.71802479198806
Euro area,5,2002-01,2021-03-01,135.11863104196192
Euro area,5,2002-01,2021-04-01,135.9438976059714
Euro area,5,2002-01,2021-05-01,136.33965944315275
Euro area,5,2002-01,2021-06-01,136.75803343485046
Euro area,5,2002-01,2021-07-01,136.66638708799513
Euro area,5,2002-01,2021-08-01,137.20232836520557
Euro area,5,2002-01,2021-09-01,137.82436606519016
Euro area,5,2002-01,2021-10-01,138.98136481682127
Euro area,5,2002-01,2021-11-01,139.55414073866544
Euro area,5,2002-01,2021-12-01,140.15715824968837
Euro area,5,2002-01,2022-01-01,140.31227964595024
Euro area,5,2002-01,2022-02-01,141.71881847924544
Euro area,5,2002-01,2022-03-01,145.33606634931522
Euro area,5,2002-01,2022-04-01,146.32413771208815
Euro area,5,2002-01,2022-05-01,147.60125019629504
Euro area,5,2002-01,2022-06-01,148.86061394005895
Euro area,5,2002-01,2022-07-01,149.00569673979928
Euro area,5,2002-01,2022-08-01,149.85049615008148
Euro area,5,2002-01,2022-09-01,151.5905780761678
Euro area,5,2002-01,2022-10-01,153.7320591307796
Euro area,5,2002-01,2022-11-01,153.56256936399976
Euro area,5,2002-01,2022-12-01,153.17111099134942
Euro area,5,2002-01,2023-01-01,152.59869165044412
Euro area,5,2002-01,2023-02-01,153.93037334618572
Euro area,5,2002-01,2023-03-01,155.50363714307144
Euro area,5,2002-01,2023-04-01,156.72793036433274
Euro area,5,2002-01,2023-05-01,156.81473726904542
Euro area,5,2002-01,2023-06-01,157.30925519960374
Euro area,5,2002-01,2023-07-01,157.25776519992104
Euro area,5,2002-01,2023-08-01,158.18777603752116
Euro area,5,2002-01,2023-09-01,158.56210877270487
Euro area,5,2002-01,2023-10-01,158.6580883507706
Euro area,5,2002-01,2023-11-01,157.5588004495894
Euro area,5,2002-01,2023-12-01,157.83926256153174
Euro area,5,2002-01,2024-01-01,156.93052489086875
Euro area,5,2002-01,2024-02-01,158.02142199892398
Euro area,5,2002-01,2024-03-01,159.40925746469247
Euro area,5,2002-01,2024-04-01,160.4824111418837
Euro area,5,2002-01,2024-05-01,160.92082954473503
Euro area,5,2002-01,2024-06-01,161.29629196272302
Euro area,5,2002-01,2024-07-01,161.26450982077506
Euro area,5,2002-01,2024-08-01,161.55539366019832
Euro area,5,2002-01,2024-09-01,161.2214000122669
Euro area,5,2002-01,2024-10-01,161.7223895722686
Euro area,5,2002-01,2024-11-01,160.95266564693964
Euro area,5,2002-01,2024-12-01,161.61082095733812
Euro area,5,2002-01,2025-01-01,160.82278251271697
Euro area,5,2002-01,2025-02-01,161.62297873999515
Euro area,5,2002-01,2025-03-01,162.7362162774273
Euro area,5,2002-01,2025-04-01,163.86204441316087
Euro area,5,2002-01,2025-05-01,163.7753480915617
Euro area,5,2002-01,2025-06-01,164.3796473283614
Euro area,5,2002-01,2025-07-01,164.41970565232015
Euro area,5,2002-01,2025-08-01,164.72890248971643
Euro area,5,2002-01,2025-09-01,164.73481413736474
Euro area,5,2002-01,2025-10-01,165.02597522500176
Euro area,5,2002-01,2025-11-01,164.3455166993499
Euro area,5,2002-01,2025-12-01,164.71234455438363
Euro area,5,2002-01,2026-01-01,163.4512531427363
Euro area,5,2002-01,2026-02-01,164.67712002621593
Euro area,5,2002-01,2026-03-01,166.92727159603618
Euro area,5,2002-01,2026-04-01,168.82393949586333
Euro area,5,2002-01,2026-05-01,169.02066518123817
United States,1,2002-01,2002-01-01,100.0
United States,1,2002-01,2002-02-01,100.28101999999998
United States,1,2002-01,2002-03-01,100.54632
United States,1,2002-01,2002-04-01,100.79354999999998
United States,1,2002-01,2002-05-01,100.78735
United States,1,2002-01,2002-06-01,100.92695
United States,1,2002-01,2002-07-01,100.98581
United States,1,2002-01,2002-08-01,101.36327
United States,1,2002-01,2002-09-01,101.83909
United States,1,2002-01,2002-10-01,101.87604999999999
United States,1,2002-01,2002-11-01,101.87444
United States,1,2002-01,2002-12-01,101.79187
United States,1,2002-01,2003-01-01,101.94251000000001
United States,1,2002-01,2003-02-01,102.39936
United States,1,2002-01,2003-03-01,102.91745000000002
United States,1,2002-01,2003-04-01,102.8494
United States,1,2002-01,2003-05-01,102.93362000000002
United States,1,2002-01,2003-06-01,103.13422000000001
United States,1,2002-01,2003-07-01,103.18181
United States,1,2002-01,2003-08-01,103.47573999999999
United States,1,2002-01,2003-09-01,103.72668
United States,1,2002-01,2003-10-01,103.74133
United States,1,2002-01,2003-11-01,103.68892999999998
United States,1,2002-01,2003-12-01,103.62678999999999
United States,1,2002-01,2004-01-01,103.82768
United States,1,2002-01,2004-02-01,104.20279
United States,1,2002-01,2004-03-01,104.44941999999999
United States,1,2002-01,2004-04-01,104.65218
United States,1,2002-01,2004-05-01,105.00665000000001
United States,1,2002-01,2004-06-01,105.33492
United States,1,2002-01,2004-07-01,105.3922
United States,1,2002-01,2004-08-01,105.63527000000002
United States,1,2002-01,2004-09-01,106.08106
United States,1,2002-01,2004-10-01,106.26372000000002
United States,1,2002-01,2004-11-01,106.44858000000002
United States,1,2002-01,2004-12-01,106.31607999999999
United States,1,2002-01,2005-01-01,106.49454
United States,1,2002-01,2005-02-01,106.78840999999998
United States,1,2002-01,2005-03-01,107.16644
United States,1,2002-01,2005-04-01,107.55409
United States,1,2002-01,2005-05-01,107.78531
United States,1,2002-01,2005-06-01,107.9565
United States,1,2002-01,2005-07-01,108.10567
United States,1,2002-01,2005-08-01,108.46212
United States,1,2002-01,2005-09-01,109.14632
United States,1,2002-01,2005-10-01,109.43479999999998
United States,1,2002-01,2005-11-01,109.60391
United States,1,2002-01,2005-12-01,109.45187000000001
United States,1,2002-01,2006-01-01,109.99775999999999
United States,1,2002-01,2006-02-01,110.08093
United States,1,2002-01,2006-03-01,110.37337000000001
United States,1,2002-01,2006-04-01,110.56882000000002
United States,1,2002-01,2006-05-01,110.85029
United States,1,2002-01,2006-06-01,111.27292
United States,1,2002-01,2006-07-01,111.37119
United States,1,2002-01,2006-08-01,111.71502
United States,1,2002-01,2006-09-01,112.16228
United States,1,2002-01,2006-10-01,112.09865
United States,1,2002-01,2006-11-01,112.07085
United States,1,2002-01,2006-12-01,112.17629
United States,1,2002-01,2007-01-01,112.56504000000001
United States,1,2002-01,2007-02-01,113.01972999999998
United States,1,2002-01,2007-03-01,113.40661
United States,1,2002-01,2007-04-01,113.59118
United States,1,2002-01,2007-05-01,113.85251999999998
United States,1,2002-01,2007-06-01,114.18136999999999
United States,1,2002-01,2007-07-01,114.26835
United States,1,2002-01,2007-08-01,114.51722
United States,1,2002-01,2007-09-01,114.96016
United States,1,2002-01,2007-10-01,115.21085
United States,1,2002-01,2007-11-01,115.42447
United States,1,2002-01,2007-12-01,115.49000999999998
United States,1,2002-01,2008-01-01,115.94508000000002
United States,1,2002-01,2008-02-01,116.29631999999998
United States,1,2002-01,2008-03-01,116.85116
United States,1,2002-01,2008-04-01,117.35194
United States,1,2002-01,2008-05-01,117.75825
United States,1,2002-01,2008-06-01,118.39982
United States,1,2002-01,2008-07-01,118.98471000000002
United States,1,2002-01,2008-08-01,119.34885
United States,1,2002-01,2008-09-01,119.59103
United States,1,2002-01,2008-10-01,119.49777999999999
United States,1,2002-01,2008-11-01,119.30486999999998
United States,1,2002-01,2008-12-01,118.98297
United States,1,2002-01,2009-01-01,119.1731
United States,1,2002-01,2009-02-01,119.30422
United States,1,2002-01,2009-03-01,119.54491
United States,1,2002-01,2009-04-01,119.62518
United States,1,2002-01,2009-05-01,119.6128
United States,1,2002-01,2009-06-01,119.90453
United States,1,2002-01,2009-07-01,119.80648000000001
United States,1,2002-01,2009-08-01,120.11901
United States,1,2002-01,2009-09-01,120.45509000000001
United States,1,2002-01,2009-10-01,120.54114
United States,1,2002-01,2009-11-01,120.60713000000001
United States,1,2002-01,2009-12-01,120.42458
United States,1,2002-01,2010-01-01,120.9266
United States,1,2002-01,2010-02-01,120.90214999999999
United States,1,2002-01,2010-03-01,121.34332
United States,1,2002-01,2010-04-01,121.50655000000002
United States,1,2002-01,2010-05-01,121.60968999999999
United States,1,2002-01,2010-06-01,121.5754
United States,1,2002-01,2010-07-01,121.63779
United States,1,2002-01,2010-08-01,121.90965
United States,1,2002-01,2010-09-01,122.14321
United States,1,2002-01,2010-10-01,122.23059
United States,1,2002-01,2010-11-01,122.26721
United States,1,2002-01,2010-12-01,122.50609999999999
United States,1,2002-01,2011-01-01,123.14977
United States,1,2002-01,2011-02-01,123.71735
United States,1,2002-01,2011-03-01,124.90903
United States,1,2002-01,2011-04-01,125.60011
United States,1,2002-01,2011-05-01,126.12607
United States,1,2002-01,2011-06-01,126.07632
United States,1,2002-01,2011-07-01,126.23664
United States,1,2002-01,2011-08-01,126.80396
United States,1,2002-01,2011-09-01,127.17123
United States,1,2002-01,2011-10-01,126.91709
United States,1,2002-01,2011-11-01,126.79009
United States,1,2002-01,2011-12-01,126.44290000000001
United States,1,2002-01,2012-01-01,126.98211000000002
United States,1,2002-01,2012-02-01,127.41785000000002
United States,1,2002-01,2012-03-01,128.22508
United States,1,2002-01,2012-04-01,128.53908
United States,1,2002-01,2012-05-01,128.40083
United States,1,2002-01,2012-06-01,128.29953
United States,1,2002-01,2012-07-01,128.13284
United States,1,2002-01,2012-08-01,128.83095
United States,1,2002-01,2012-09-01,129.32648
United States,1,2002-01,2012-10-01,129.2886
United States,1,2002-01,2012-11-01,128.74042
United States,1,2002-01,2012-12-01,128.38123
United States,1,2002-01,2013-01-01,128.83362
United States,1,2002-01,2013-02-01,129.7653
United States,1,2002-01,2013-03-01,130.03934
United States,1,2002-01,2013-04-01,129.91228
United States,1,2002-01,2013-05-01,130.13539
United States,1,2002-01,2013-06-01,130.46361
United States,1,2002-01,2013-07-01,130.54482
United States,1,2002-01,2013-08-01,130.91077
United States,1,2002-01,2013-09-01,131.12411
United States,1,2002-01,2013-10-01,130.71756
United States,1,2002-01,2013-11-01,130.46689
United States,1,2002-01,2013-12-01,130.54956
United States,1,2002-01,2014-01-01,131.12794
United States,1,2002-01,2014-02-01,131.5466
United States,1,2002-01,2014-03-01,132.42227
United States,1,2002-01,2014-04-01,132.7726
United States,1,2002-01,2014-05-01,133.26707
United States,1,2002-01,2014-06-01,133.58612
United States,1,2002-01,2014-07-01,133.66667
United States,1,2002-01,2014-08-01,133.59047
United States,1,2002-01,2014-09-01,133.71335
United States,1,2002-01,2014-10-01,133.32358
United States,1,2002-01,2014-11-01,132.61481
United States,1,2002-01,2014-12-01,131.88467
United States,1,2002-01,2015-01-01,131.21535
United States,1,2002-01,2015-02-01,131.77905
United States,1,2002-01,2015-03-01,132.5435
United States,1,2002-01,2015-04-01,132.77415
United States,1,2002-01,2015-05-01,133.36667
United States,1,2002-01,2015-06-01,133.81895
United States,1,2002-01,2015-07-01,133.88182
United States,1,2002-01,2015-08-01,133.70726
United States,1,2002-01,2015-09-01,133.54622
United States,1,2002-01,2015-10-01,133.48717
United States,1,2002-01,2015-11-01,133.22531
United States,1,2002-01,2015-12-01,132.76538
United States,1,2002-01,2016-01-01,132.84702
United States,1,2002-01,2016-02-01,132.86467
United States,1,2002-01,2016-03-01,133.48972
United States,1,2002-01,2016-04-01,134.19124
United States,1,2002-01,2016-05-01,134.73779
United States,1,2002-01,2016-06-01,135.21893
United States,1,2002-01,2016-07-01,134.96045
United States,1,2002-01,2016-08-01,135.0863
United States,1,2002-01,2016-09-01,135.45226
United States,1,2002-01,2016-10-01,135.56227
United States,1,2002-01,2016-11-01,135.3654
United States,1,2002-01,2016-12-01,135.38858
United States,1,2002-01,2017-01-01,136.1055
United States,1,2002-01,2017-02-01,136.46388
United States,1,2002-01,2017-03-01,136.65953
United States,1,2002-01,2017-04-01,137.10352
United States,1,2002-01,2017-05-01,137.25713
United States,1,2002-01,2017-06-01,137.44424
United States,1,2002-01,2017-07-01,137.34341
United States,1,2002-01,2017-08-01,137.78935
United States,1,2002-01,2017-09-01,138.52948
United States,1,2002-01,2017-10-01,138.38266
United States,1,2002-01,2017-11-01,138.37396
United States,1,2002-01,2017-12-01,138.30569
United States,1,2002-01,2018-01-01,139.04303
United States,1,2002-01,2018-02-01,139.51283
United States,1,2002-01,2018-03-01,139.73065
United States,1,2002-01,2018-04-01,140.20728
United States,1,2002-01,2018-05-01,140.67863
United States,1,2002-01,2018-06-01,140.99037
United States,1,2002-01,2018-07-01,141.03499
United States,1,2002-01,2018-08-01,141.17212
United States,1,2002-01,2018-09-01,141.23889
United States,1,2002-01,2018-10-01,141.44011
United States,1,2002-01,2018-11-01,141.06674
United States,1,2002-01,2018-12-01,140.64383
United States,1,2002-01,2019-01-01,140.88428
United States,1,2002-01,2019-02-01,141.38145
United States,1,2002-01,2019-03-01,142.0079
United States,1,2002-01,2019-04-01,142.60683
United States,1,2002-01,2019-05-01,142.86285
United States,1,2002-01,2019-06-01,142.94894
United States,1,2002-01,2019-07-01,143.16818
United States,1,2002-01,2019-08-01,143.26869
United States,1,2002-01,2019-09-01,143.28917
United States,1,2002-01,2019-10-01,143.42584
United States,1,2002-01,2019-11-01,143.34846
United States,1,2002-01,2019-12-01,143.1949
United States,1,2002-01,2020-01-01,143.75586
United States,1,2002-01,2020-02-01,144.05406
United States,1,2002-01,2020-03-01,143.90938
United States,1,2002-01,2020-04-01,143.35654
United States,1,2002-01,2020-05-01,143.24995
United States,1,2002-01,2020-06-01,144.03258
United States,1,2002-01,2020-07-01,145.07115
United States,1,2002-01,2020-08-01,145.79814
United States,1,2002-01,2020-09-01,145.83472
United States,1,2002-01,2020-10-01,145.75526
United States,1,2002-01,2020-11-01,145.46655
United States,1,2002-01,2020-12-01,145.65602
United States,1,2002-01,2021-01-01,146.41412
United States,1,2002-01,2021-02-01,147.20866
United States,1,2002-01,2021-03-01,148.10239
United States,1,2002-01,2021-04-01,149.31462
United States,1,2002-01,2021-05-01,150.38629
United States,1,2002-01,2021-06-01,151.32384
United States,1,2002-01,2021-07-01,151.95769
United States,1,2002-01,2021-08-01,152.48117
United States,1,2002-01,2021-09-01,153.01141
United States,1,2002-01,2021-10-01,154.17509
United States,1,2002-01,2021-11-01,154.8605
United States,1,2002-01,2021-12-01,155.18988
United States,1,2002-01,2022-01-01,156.45352
United States,1,2002-01,2022-02-01,157.77437
United States,1,2002-01,2022-03-01,159.87189
United States,1,2002-01,2022-04-01,160.65935
United States,1,2002-01,2022-05-01,162.31654
United States,1,2002-01,2022-06-01,164.32892
United States,1,2002-01,2022-07-01,164.54311
United States,1,2002-01,2022-08-01,164.72192
United States,1,2002-01,2022-09-01,165.32698
United States,1,2002-01,2022-10-01,166.13692
United States,1,2002-01,2022-11-01,166.21021
United States,1,2002-01,2022-12-01,165.92096
United States,1,2002-01,2023-01-01,167.37996
United States,1,2002-01,2023-02-01,168.11612
United States,1,2002-01,2023-03-01,168.49078
United States,1,2002-01,2023-04-01,169.30075
United States,1,2002-01,2023-05-01,169.73665
United States,1,2002-01,2023-06-01,170.37279
United States,1,2002-01,2023-07-01,170.71747
United States,1,2002-01,2023-08-01,171.59607
United States,1,2002-01,2023-09-01,171.95941
United States,1,2002-01,2023-10-01,171.99355
United States,1,2002-01,2023-11-01,171.66058
United States,1,2002-01,2023-12-01,171.60359
United States,1,2002-01,2024-01-01,172.61104
United States,1,2002-01,2024-02-01,173.5321
United States,1,2002-01,2024-03-01,174.53917
United States,1,2002-01,2024-04-01,175.12047
United States,1,2002-01,2024-05-01,175.46039
United States,1,2002-01,2024-06-01,175.66824
United States,1,2002-01,2024-07-01,175.86017
United States,1,2002-01,2024-08-01,176.03973
United States,1,2002-01,2024-09-01,176.45039
United States,1,2002-01,2024-10-01,176.61559
United States,1,2002-01,2024-11-01,176.44011
United States,1,2002-01,2024-12-01,176.22673
United States,1,2002-01,2025-01-01,177.43724
United States,1,2002-01,2025-02-01,178.16988
United States,1,2002-01,2025-03-01,178.59787
United States,1,2002-01,2025-04-01,179.07957
United States,1,2002-01,2025-05-01,179.43478
United States,1,2002-01,2025-06-01,180.13916
United States,1,2002-01,2025-07-01,180.42465
United States,1,2002-01,2025-08-01,180.97372
United States,1,2002-01,2025-09-01,181.42967
United States,1,2002-01,2025-10-01,181.21729
United States,1,2002-01,2025-11-01,181.14545
United States,1,2002-01,2025-12-01,181.15056
United States,1,2002-01,2026-01-01,181.80354
United States,1,2002-01,2026-02-01,182.55908
United States,1,2002-01,2026-03-01,184.28119
United States,1,2002-01,2026-04-01,185.62906
United States,1,2002-01,2026-05-01,186.57602
United States,5,2002-01,2002-01-01,100.0
United States,5,2002-01,2002-02-01,100.21203999999999
United States,5,2002-01,2002-03-01,100.4931
United States,5,2002-01,2002-04-01,100.6974
United States,5,2002-01,2002-05-01,100.70126000000002
United States,5,2002-01,2002-06-01,100.67398
United States,5,2002-01,2002-07-01,100.71364
United States,5,2002-01,2002-08-01,100.96165000000002
United States,5,2002-01,2002-09-01,101.30676000000001
United States,5,2002-01,2002-10-01,101.48927
United States,5,2002-01,2002-11-01,101.45764
United States,5,2002-01,2002-12-01,101.21560999999998
United States,5,2002-01,2003-01-01,101.32966
United States,5,2002-01,2003-02-01,101.72115
United States,5,2002-01,2003-03-01,102.15640000000002
United States,5,2002-01,2003-04-01,102.08116000000001
United States,5,2002-01,2003-05-01,102.03820999999999
United States,5,2002-01,2003-06-01,102.05756
United States,5,2002-01,2003-07-01,102.0202
United States,5,2002-01,2003-08-01,102.28378000000001
United States,5,2002-01,2003-09-01,102.58112
United States,5,2002-01,2003-10-01,102.74240000000002
United States,5,2002-01,2003-11-01,102.64359
United States,5,2002-01,2003-12-01,102.50929
United States,5,2002-01,2004-01-01,102.75375
United States,5,2002-01,2004-02-01,103.1207
United States,5,2002-01,2004-03-01,103.43504000000001
United States,5,2002-01,2004-04-01,103.66008
United States,5,2002-01,2004-05-01,103.83723
United States,5,2002-01,2004-06-01,103.97130999999999
United States,5,2002-01,2004-07-01,103.93589000000001
United States,5,2002-01,2004-08-01,104.07043
United States,5,2002-01,2004-09-01,104.42281
United States,5,2002-01,2004-10-01,104.76570999999998
United States,5,2002-01,2004-11-01,104.93282000000002
United States,5,2002-01,2004-12-01,104.71557
United States,5,2002-01,2005-01-01,104.87921
United States,5,2002-01,2005-02-01,105.1758
United States,5,2002-01,2005-03-01,105.56345
United States,5,2002-01,2005-04-01,105.88795
United States,5,2002-01,2005-05-01,106.02401000000002
United States,5,2002-01,2005-06-01,106.06255
United States,5,2002-01,2005-07-01,106.13439
United States,5,2002-01,2005-08-01,106.34539999999998
United States,5,2002-01,2005-09-01,106.95380000000002
United States,5,2002-01,2005-10-01,107.32606
United States,5,2002-01,2005-11-01,107.39268
United States,5,2002-01,2005-12-01,107.12428
United States,5,2002-01,2006-01-01,107.5769
United States,5,2002-01,2006-02-01,107.70033
United States,5,2002-01,2006-03-01,108.01115999999999
United States,5,2002-01,2006-04-01,108.26902000000001
United States,5,2002-01,2006-05-01,108.47818000000001
United States,5,2002-01,2006-06-01,108.72089
United States,5,2002-01,2006-07-01,108.84486
United States,5,2002-01,2006-08-01,109.16316000000002
United States,5,2002-01,2006-09-01,109.45734
United States,5,2002-01,2006-10-01,109.49251
United States,5,2002-01,2006-11-01,109.30498
United States,5,2002-01,2006-12-01,109.20354
United States,5,2002-01,2007-01-01,109.47144
United States,5,2002-01,2007-02-01,109.8994
United States,5,2002-01,2007-03-01,110.27764
United States,5,2002-01,2007-04-01,110.45707
United States,5,2002-01,2007-05-01,110.57116999999998
United States,5,2002-01,2007-06-01,110.78411
United States,5,2002-01,2007-07-01,110.82124
United States,5,2002-01,2007-08-01,111.01325
United States,5,2002-01,2007-09-01,111.42912
United States,5,2002-01,2007-10-01,111.7087
United States,5,2002-01,2007-11-01,111.86633000000002
United States,5,2002-01,2007-12-01,111.75322999999999
United States,5,2002-01,2008-01-01,112.14891
United States,5,2002-01,2008-02-01,112.49071000000002
United States,5,2002-01,2008-03-01,113.00452000000001
United States,5,2002-01,2008-04-01,113.40844999999999
United States,5,2002-01,2008-05-01,113.76023000000002
United States,5,2002-01,2008-06-01,114.27436
United States,5,2002-01,2008-07-01,114.78454
United States,5,2002-01,2008-08-01,115.07798
United States,5,2002-01,2008-09-01,115.22201999999999
United States,5,2002-01,2008-10-01,115.10715
United States,5,2002-01,2008-11-01,114.75496000000001
United States,5,2002-01,2008-12-01,114.26006
United States,5,2002-01,2009-01-01,114.42716
United States,5,2002-01,2009-02-01,114.69552
United States,5,2002-01,2009-03-01,114.81757999999999
United States,5,2002-01,2009-04-01,114.82593999999999
United States,5,2002-01,2009-05-01,114.80306
United States,5,2002-01,2009-06-01,115.02566
United States,5,2002-01,2009-07-01,114.99713
United States,5,2002-01,2009-08-01,115.19812
United States,5,2002-01,2009-09-01,115.53126
United States,5,2002-01,2009-10-01,115.74994999999998
United States,5,2002-01,2009-11-01,115.81843
United States,5,2002-01,2009-12-01,115.59056999999999
United States,5,2002-01,2010-01-01,115.90886999999998
United States,5,2002-01,2010-02-01,115.95655000000001
United States,5,2002-01,2010-03-01,116.37154999999998
United States,5,2002-01,2010-04-01,116.55637000000002
United States,5,2002-01,2010-05-01,116.66019000000001
United States,5,2002-01,2010-06-01,116.55878
United States,5,2002-01,2010-07-01,116.55525
United States,5,2002-01,2010-08-01,116.71860999999998
United States,5,2002-01,2010-09-01,116.7912
United States,5,2002-01,2010-10-01,116.88807999999999
United States,5,2002-01,2010-11-01,116.86684999999999
United States,5,2002-01,2010-12-01,116.95388
United States,5,2002-01,2011-01-01,117.48677
United States,5,2002-01,2011-02-01,118.06540999999999
United States,5,2002-01,2011-03-01,119.19244
United States,5,2002-01,2011-04-01,119.91334999999998
United States,5,2002-01,2011-05-01,120.41668999999999
United States,5,2002-01,2011-06-01,120.32453999999998
United States,5,2002-01,2011-07-01,120.45251000000002
United States,5,2002-01,2011-08-01,120.78712
United States,5,2002-01,2011-09-01,120.95872000000001
United States,5,2002-01,2011-10-01,120.7272
United States,5,2002-01,2011-11-01,120.58177
United States,5,2002-01,2011-12-01,120.18207999999998
United States,5,2002-01,2012-01-01,120.67232999999999
United States,5,2002-01,2012-02-01,121.15295000000002
United States,5,2002-01,2012-03-01,122.04868
United States,5,2002-01,2012-04-01,122.40967
United States,5,2002-01,2012-05-01,122.30545
United States,5,2002-01,2012-06-01,122.17731
United States,5,2002-01,2012-07-01,121.96781999999999
United States,5,2002-01,2012-08-01,122.54856999999998
United States,5,2002-01,2012-09-01,123.01282999999998
United States,5,2002-01,2012-10-01,122.94994
United States,5,2002-01,2012-11-01,122.35513
United States,5,2002-01,2012-12-01,121.90935
United States,5,2002-01,2013-01-01,122.28699
United States,5,2002-01,2013-02-01,123.2748
United States,5,2002-01,2013-03-01,123.59339
United States,5,2002-01,2013-04-01,123.50522
United States,5,2002-01,2013-05-01,123.70048
United States,5,2002-01,2013-06-01,123.94883000000002
United States,5,2002-01,2013-07-01,123.93656
United States,5,2002-01,2013-08-01,124.02726
United States,5,2002-01,2013-09-01,124.15794
United States,5,2002-01,2013-10-01,123.83109000000002
United States,5,2002-01,2013-11-01,123.60504000000002
United States,5,2002-01,2013-12-01,123.47186
United States,5,2002-01,2014-01-01,123.85972999999998
United States,5,2002-01,2014-02-01,124.33909000000001
United States,5,2002-01,2014-03-01,125.14573
United States,5,2002-01,2014-04-01,125.54802999999998
United States,5,2002-01,2014-05-01,125.92895
United States,5,2002-01,2014-06-01,126.07185000000001
United States,5,2002-01,2014-07-01,125.97298
United States,5,2002-01,2014-08-01,125.70502000000002
United States,5,2002-01,2014-09-01,125.82762999999998
United States,5,2002-01,2014-10-01,125.61445999999998
United States,5,2002-01,2014-11-01,124.90423
United States,5,2002-01,2014-12-01,124.0847
United States,5,2002-01,2015-01-01,123.48966999999999
United States,5,2002-01,2015-02-01,124.00865
United States,5,2002-01,2015-03-01,124.81879
United States,5,2002-01,2015-04-01,125.12862
United States,5,2002-01,2015-05-01,125.74896
United States,5,2002-01,2015-06-01,126.0926
United States,5,2002-01,2015-07-01,126.04353000000002
United States,5,2002-01,2015-08-01,125.68744999999998
United States,5,2002-01,2015-09-01,125.48511
United States,5,2002-01,2015-10-01,125.44762
United States,5,2002-01,2015-11-01,125.08804
United States,5,2002-01,2015-12-01,124.48498
United States,5,2002-01,2016-01-01,124.68267
United States,5,2002-01,2016-02-01,124.79487
United States,5,2002-01,2016-03-01,125.35832
United States,5,2002-01,2016-04-01,126.03606
United States,5,2002-01,2016-05-01,126.57785
United States,5,2002-01,2016-06-01,126.89481
United States,5,2002-01,2016-07-01,126.49585
United States,5,2002-01,2016-08-01,126.4842
United States,5,2002-01,2016-09-01,126.73919000000001
United States,5,2002-01,2016-10-01,126.91138
United States,5,2002-01,2016-11-01,126.66232
United States,5,2002-01,2016-12-01,126.57974
United States,5,2002-01,2017-01-01,127.26499
United States,5,2002-01,2017-02-01,127.65266
United States,5,2002-01,2017-03-01,127.78412000000002
United States,5,2002-01,2017-04-01,128.14867
United States,5,2002-01,2017-05-01,128.23297
United States,5,2002-01,2017-06-01,128.21071
United States,5,2002-01,2017-07-01,127.85091
United States,5,2002-01,2017-08-01,128.13753
United States,5,2002-01,2017-09-01,128.74681
United States,5,2002-01,2017-10-01,128.67343
United States,5,2002-01,2017-11-01,128.49506
United States,5,2002-01,2017-12-01,128.30739
United States,5,2002-01,2018-01-01,129.0215
United States,5,2002-01,2018-02-01,129.56436
United States,5,2002-01,2018-03-01,129.86259
United States,5,2002-01,2018-04-01,130.40674
United States,5,2002-01,2018-05-01,130.85318
United States,5,2002-01,2018-06-01,130.98674
United States,5,2002-01,2018-07-01,130.97234
United States,5,2002-01,2018-08-01,131.00153
United States,5,2002-01,2018-09-01,131.13754
United States,5,2002-01,2018-10-01,131.33167
United States,5,2002-01,2018-11-01,130.9129
United States,5,2002-01,2018-12-01,130.39145
United States,5,2002-01,2019-01-01,130.70653
United States,5,2002-01,2019-02-01,131.24345
United States,5,2002-01,2019-03-01,131.90538
United States,5,2002-01,2019-04-01,132.47707
United States,5,2002-01,2019-05-01,132.57268
United States,5,2002-01,2019-06-01,132.62766
United States,5,2002-01,2019-07-01,132.75009
United States,5,2002-01,2019-08-01,132.66991
United States,5,2002-01,2019-09-01,132.74731
United States,5,2002-01,2019-10-01,132.90329
United States,5,2002-01,2019-11-01,132.692
United States,5,2002-01,2019-12-01,132.30582
United States,5,2002-01,2020-01-01,132.82747
United States,5,2002-01,2020-02-01,133.26495
United States,5,2002-01,2020-03-01,132.96936
United States,5,2002-01,2020-04-01,132.32994
United States,5,2002-01,2020-05-01,132.2347
United States,5,2002-01,2020-06-01,132.88811
United States,5,2002-01,2020-07-01,133.73837
United States,5,2002-01,2020-08-01,134.3766
United States,5,2002-01,2020-09-01,134.55315
United States,5,2002-01,2020-10-01,134.56633
United States,5,2002-01,2020-11-01,134.37177
United States,5,2002-01,2020-12-01,134.48607
United States,5,2002-01,2021-01-01,135.16129
United States,5,2002-01,2021-02-01,135.82602
United States,5,2002-01,2021-03-01,136.69145
United States,5,2002-01,2021-04-01,137.89275
United States,5,2002-01,2021-05-01,138.99948
United States,5,2002-01,2021-06-01,140.33742
United States,5,2002-01,2021-07-01,141.15356
United States,5,2002-01,2021-08-01,141.29237
United States,5,2002-01,2021-09-01,141.60097
United States,5,2002-01,2021-10-01,142.59435
United States,5,2002-01,2021-11-01,143.13809
United States,5,2002-01,2021-12-01,143.50148
United States,5,2002-01,2022-01-01,144.72711
United States,5,2002-01,2022-02-01,146.06718
United States,5,2002-01,2022-03-01,148.22148
United States,5,2002-01,2022-04-01,149.23022
United States,5,2002-01,2022-05-01,150.87791
United States,5,2002-01,2022-06-01,152.6114
United States,5,2002-01,2022-07-01,152.42436
United States,5,2002-01,2022-08-01,152.27617
United States,5,2002-01,2022-09-01,152.54878
United States,5,2002-01,2022-10-01,153.15326
United States,5,2002-01,2022-11-01,153.04204
United States,5,2002-01,2022-12-01,152.61534
United States,5,2002-01,2023-01-01,153.78535
United States,5,2002-01,2023-02-01,154.58406
United States,5,2002-01,2023-03-01,155.15128
United States,5,2002-01,2023-04-01,155.83423
United States,5,2002-01,2023-05-01,156.21782
United States,5,2002-01,2023-06-01,156.61987
United States,5,2002-01,2023-07-01,156.63988
United States,5,2002-01,2023-08-01,157.02928
United States,5,2002-01,2023-09-01,157.34875
United States,5,2002-01,2023-10-01,157.20795
United States,5,2002-01,2023-11-01,156.60481
United States,5,2002-01,2023-12-01,156.36833
United States,5,2002-01,2024-01-01,157.21803
United States,5,2002-01,2024-02-01,158.20042
United States,5,2002-01,2024-03-01,159.18132
United States,5,2002-01,2024-04-01,159.80754
United States,5,2002-01,2024-05-01,160.04655
United States,5,2002-01,2024-06-01,160.05861
United States,5,2002-01,2024-07-01,159.96324
United States,5,2002-01,2024-08-01,160.03737
United States,5,2002-01,2024-09-01,160.31662
United States,5,2002-01,2024-10-01,160.53366
United States,5,2002-01,2024-11-01,160.28543
United States,5,2002-01,2024-12-01,160.00862
United States,5,2002-01,2025-01-01,160.98856
United States,5,2002-01,2025-02-01,161.65439
United States,5,2002-01,2025-03-01,162.03406
United States,5,2002-01,2025-04-01,162.54465
United States,5,2002-01,2025-05-01,162.9054
United States,5,2002-01,2025-06-01,163.3898
United States,5,2002-01,2025-07-01,163.59467
United States,5,2002-01,2025-08-01,164.11389
United States,5,2002-01,2025-09-01,164.5497
United States,5,2002-01,2025-10-01,164.22183
United States,5,2002-01,2025-11-01,163.96416
United States,5,2002-01,2025-12-01,163.96663
United States,5,2002-01,2026-01-01,164.53105
United States,5,2002-01,2026-02-01,165.36469
United States,5,2002-01,2026-03-01,167.06729
United States,5,2002-01,2026-04-01,168.3269
United States,5,2002-01,2026-05-01,169.31953
Euro area,1,2021-01,2021-01-01,100.0
Euro area,1,2021-01,2021-02-01,100.17234992565854
Euro area,1,2021-01,2021-03-01,101.02622661929117
Euro area,1,2021-01,2021-04-01,101.60744645193512
Euro area,1,2021-01,2021-05-01,101.86087920868316
Euro area,1,2021-01,2021-06-01,102.11235574191346
Euro area,1,2021-01,2021-07-01,102.03796762265212
Euro area,1,2021-01,2021-08-01,102.38732420787635
Euro area,1,2021-01,2021-09-01,102.86597824641464
Euro area,1,2021-01,2021-10-01,103.88795020975678
Euro area,1,2021-01,2021-11-01,104.48675750388914
Euro area,1,2021-01,2021-12-01,105.00901743397189
Euro area,1,2021-01,2022-01-01,105.76246922726962
Euro area,1,2021-01,2022-02-01,106.79622351275701
Euro area,1,2021-01,2022-03-01,109.57086337230868
Euro area,1,2021-01,2022-04-01,110.19766192944105
Euro area,1,2021-01,2022-05-01,111.14344571214893
Euro area,1,2021-01,2022-06-01,111.96250684340019
Euro area,1,2021-01,2022-07-01,112.30137583881618
Euro area,1,2021-01,2022-08-01,113.25272336280561
Euro area,1,2021-01,2022-09-01,114.91214723006891
Euro area,1,2021-01,2022-10-01,116.99893999318076
Euro area,1,2021-01,2022-11-01,116.94587449735904
Euro area,1,2021-01,2022-12-01,116.21772402948716
Euro area,1,2021-01,2023-01-01,116.20647090120333
Euro area,1,2021-01,2023-02-01,117.09499445307061
Euro area,1,2021-01,2023-03-01,118.02943466610174
Euro area,1,2021-01,2023-04-01,118.63631166649607
Euro area,1,2021-01,2023-05-01,118.56499472121023
Euro area,1,2021-01,2023-06-01,118.74288414226817
Euro area,1,2021-01,2023-07-01,118.54822286398287
Euro area,1,2021-01,2023-08-01,119.14425324280715
Euro area,1,2021-01,2023-09-01,119.54535413234582
Euro area,1,2021-01,2023-10-01,119.70629784183573
Euro area,1,2021-01,2023-11-01,119.14373353770888
Euro area,1,2021-01,2023-12-01,119.3547865251284
Euro area,1,2021-01,2024-01-01,119.24067033520605
Euro area,1,2021-01,2024-02-01,119.87724038219815
Euro area,1,2021-01,2024-03-01,120.60821765112884
Euro area,1,2021-01,2024-04-01,121.19882409099006
Euro area,1,2021-01,2024-05-01,121.38579910555826
Euro area,1,2021-01,2024-06-01,121.64419569158085
Euro area,1,2021-01,2024-07-01,121.58026570104983
Euro area,1,2021-01,2024-08-01,121.73531513234732
Euro area,1,2021-01,2024-09-01,121.64686730908588
Euro area,1,2021-01,2024-10-01,122.18130300375931
Euro area,1,2021-01,2024-11-01,121.93253524419801
Euro area,1,2021-01,2024-12-01,122.33912061050589
Euro area,1,2021-01,2025-01-01,122.2581541023856
Euro area,1,2021-01,2025-02-01,122.66175417573628
Euro area,1,2021-01,2025-03-01,123.31756283936721
Euro area,1,2021-01,2025-04-01,123.92846024902322
Euro area,1,2021-01,2025-05-01,123.7676398890182
Euro area,1,2021-01,2025-06-01,124.05490124499043
Euro area,1,2021-01,2025-07-01,124.08762036566381
Euro area,1,2021-01,2025-08-01,124.21178346020855
Euro area,1,2021-01,2025-09-01,124.30063197263486
Euro area,1,2021-01,2025-10-01,124.70192949257415
Euro area,1,2021-01,2025-11-01,124.38483085042138
Euro area,1,2021-01,2025-12-01,124.60073156609037
Euro area,1,2021-01,2026-01-01,124.08350563970968
Euro area,1,2021-01,2026-02-01,124.80392838817565
Euro area,1,2021-01,2026-03-01,126.2997176860831
Euro area,1,2021-01,2026-04-01,127.53714140865465
Euro area,1,2021-01,2026-05-01,127.5634364329059
Euro area,5,2021-01,2021-01-01,100.0
Euro area,5,2021-01,2021-02-01,100.2387670641773
Euro area,5,2021-01,2021-03-01,101.2887006378908
Euro area,5,2021-01,2021-04-01,101.9073435097421
Euro area,5,2021-01,2021-05-01,102.20401763929065
Euro area,5,2021-01,2021-06-01,102.51764247158034
Euro area,5,2021-01,2021-07-01,102.44894180965383
Euro area,5,2021-01,2021-08-01,102.85069836364083
Euro area,5,2021-01,2021-09-01,103.31699520141484
Euro area,5,2021-01,2021-10-01,104.18431378870856
Euro area,5,2021-01,2021-11-01,104.61368262136237
Euro area,5,2021-01,2021-12-01,105.06572139412376
Euro area,5,2021-01,2022-01-01,105.18200472638767
Euro area,5,2021-01,2022-02-01,106.23638553029741
Euro area,5,2021-01,2022-03-01,108.94797558874585
Euro area,5,2021-01,2022-04-01,109.68866148602747
Euro area,5,2021-01,2022-05-01,110.64602068287704
Euro area,5,2021-01,2022-06-01,111.59007492804403
Euro area,5,2021-01,2022-07-01,111.69883304790716
Euro area,5,2021-01,2022-08-01,112.33211828701357
Euro area,5,2021-01,2022-09-01,113.63653231147201
Euro area,5,2021-01,2022-10-01,115.24184633655956
Euro area,5,2021-01,2022-11-01,115.11479207234623
Euro area,5,2021-01,2022-12-01,114.821343940036
Euro area,5,2021-01,2023-01-01,114.39224241041582
Euro area,5,2021-01,2023-02-01,115.39050821273169
Euro area,5,2021-01,2023-03-01,116.56987070714375
Euro area,5,2021-01,2023-04-01,117.48763510887767
Euro area,5,2021-01,2023-05-01,117.55270798977458
Euro area,5,2021-01,2023-06-01,117.9234124458672
Euro area,5,2021-01,2023-07-01,117.88481410362905
Euro area,5,2021-01,2023-08-01,118.58197620920441
Euro area,5,2021-01,2023-09-01,118.86258648523076
Euro area,5,2021-01,2023-10-01,118.93453545833003
Euro area,5,2021-01,2023-11-01,118.11047853680144
Euro area,5,2021-01,2023-12-01,118.32072077118268
Euro area,5,2021-01,2024-01-01,117.63950562585181
Euro area,5,2021-01,2024-02-01,118.45727257443966
Euro area,5,2021-01,2024-03-01,119.4976328115354
Euro area,5,2021-01,2024-04-01,120.30209878864937
Euro area,5,2021-01,2024-05-01,120.63074947152049
Euro area,5,2021-01,2024-06-01,120.91220658933686
Euro area,5,2021-01,2024-07-01,120.88838180783506
Euro area,5,2021-01,2024-08-01,121.10643646028778
Euro area,5,2021-01,2024-09-01,120.85606549101875
Euro area,5,2021-01,2024-10-01,121.23162126134002
Euro area,5,2021-01,2024-11-01,120.65461470313818
Euro area,5,2021-01,2024-12-01,121.14798631069601
Euro area,5,2021-01,2025-01-01,120.55725067718008
Euro area,5,2021-01,2025-02-01,121.1571001242277
Euro area,5,2021-01,2025-03-01,121.99161408280092
Euro area,5,2021-01,2025-04-01,122.83556630560446
Euro area,5,2021-01,2025-05-01,122.77057632089883
Euro area,5,2021-01,2025-06-01,123.22357591111003
Euro area,5,2021-01,2025-07-01,123.25360474985881
Euro area,5,2021-01,2025-08-01,123.4853873372023
Euro area,5,2021-01,2025-09-01,123.48981887343315
Euro area,5,2021-01,2025-10-01,123.7080813588924
Euro area,5,2021-01,2025-11-01,123.19799063809573
Euro area,5,2021-01,2025-12-01,123.47297504629783
Euro area,5,2021-01,2026-01-01,122.52762569301959
Euro area,5,2021-01,2026-02-01,123.44656975591577
Euro area,5,2021-01,2026-03-01,125.13334623513146
Euro area,5,2021-01,2026-04-01,126.55514148004796
Euro area,5,2021-01,2026-05-01,126.70261254972988
United States,1,2021-01,2021-01-01,100.0
United States,1,2021-01,2021-02-01,100.54266624011402
United States,1,2021-01,2021-03-01,101.1530786784772
United States,1,2021-01,2021-04-01,101.98102478094326
United States,1,2021-01,2021-05-01,102.71296921362503
United States,1,2021-01,2021-06-01,103.35331045940104
United States,1,2021-01,2021-07-01,103.78622635576407
United States,1,2021-01,2021-08-01,104.14376017832159
United States,1,2021-01,2021-09-01,104.50591104191318
United States,1,2021-01,2021-10-01,105.30069777423108
United States,1,2021-01,2021-11-01,105.76882885339201
United States,1,2021-01,2021-12-01,105.99379349478042
United States,1,2021-01,2022-01-01,106.85685233090906
United States,1,2021-01,2022-02-01,107.75898526726795
United States,1,2021-01,2022-03-01,109.19157933674704
United States,1,2021-01,2022-04-01,109.72940997767155
United States,1,2021-01,2022-05-01,110.86126119530002
United States,1,2021-01,2022-06-01,112.23570513554296
United States,1,2021-01,2022-07-01,112.38199567090933
United States,1,2021-01,2022-08-01,112.50412187021308
United States,1,2021-01,2022-09-01,112.91737436252734
United States,1,2021-01,2022-10-01,113.47055871387268
United States,1,2021-01,2022-11-01,113.5206153614146
United States,1,2021-01,2022-12-01,113.32305927870891
United States,1,2021-01,2023-01-01,114.31954786874381
United States,1,2021-01,2023-02-01,114.82234090537169
United States,1,2021-01,2023-03-01,115.07823152575722
United States,1,2021-01,2023-04-01,115.63143636692963
United States,1,2021-01,2023-05-01,115.92915355431566
United States,1,2021-01,2023-06-01,116.36363350747867
United States,1,2021-01,2023-07-01,116.59904796067482
United States,1,2021-01,2023-08-01,117.19912669625035
United States,1,2021-01,2023-09-01,117.44728582188657
United States,1,2021-01,2023-10-01,117.47060324509687
United States,1,2021-01,2023-11-01,117.24318665440192
United States,1,2021-01,2023-12-01,117.20426281290356
United States,1,2021-01,2024-01-01,117.89234535576215
United States,1,2021-01,2024-02-01,118.52142402658981
United States,1,2021-01,2024-03-01,119.20924703163875
United States,1,2021-01,2024-04-01,119.60627158091037
United States,1,2021-01,2024-05-01,119.83843498154411
United States,1,2021-01,2024-06-01,119.98039533345555
United States,1,2021-01,2024-07-01,120.111482417133
United States,1,2021-01,2024-08-01,120.23412086211356
United States,1,2021-01,2024-09-01,120.51459927498796
United States,1,2021-01,2024-10-01,120.62742992274242
United States,1,2021-01,2024-11-01,120.50757809424393
United States,1,2021-01,2024-12-01,120.36184078420852
United States,1,2021-01,2025-01-01,121.18861213658903
United States,1,2021-01,2025-02-01,121.68900103350688
United States,1,2021-01,2025-03-01,121.98131573648772
United States,1,2021-01,2025-04-01,122.31031405987345
United States,1,2021-01,2025-05-01,122.55292044237262
United States,1,2021-01,2025-06-01,123.03400792218675
United States,1,2021-01,2025-07-01,123.22899594656582
United States,1,2021-01,2025-08-01,123.60400759161752
United States,1,2021-01,2025-09-01,123.91541881343137
United States,1,2021-01,2025-10-01,123.77036449763179
United States,1,2021-01,2025-11-01,123.72129819173179
United States,1,2021-01,2025-12-01,123.72478829227673
United States,1,2021-01,2026-01-01,124.17076986837061
United States,1,2021-01,2026-02-01,124.68679933328835
United States,1,2021-01,2026-03-01,125.86299053670507
United States,1,2021-01,2026-04-01,126.78357797731532
United States,1,2021-01,2026-05-01,127.43034619885023
United States,5,2021-01,2021-01-01,100.0
United States,5,2021-01,2021-02-01,100.49180501310693
United States,5,2021-01,2021-03-01,101.13209928671145
United States,5,2021-01,2021-04-01,102.02088926496633
United States,5,2021-01,2021-05-01,102.83971098529763
United States,5,2021-01,2021-06-01,103.82959499720667
United States,5,2021-01,2021-07-01,104.43342172895804
United States,5,2021-01,2021-08-01,104.5361212518762
United States,5,2021-01,2021-09-01,104.7644410614903
United States,5,2021-01,2021-10-01,105.49940001312505
United States,5,2021-01,2021-11-01,105.90168975155534
United States,5,2021-01,2021-12-01,106.1705463154428
United States,5,2021-01,2022-01-01,107.07733700973112
United States,5,2021-01,2022-02-01,108.06879691663198
United States,5,2021-01,2022-03-01,109.66267042878918
United States,5,2021-01,2022-04-01,110.40899358092837
United States,5,2021-01,2022-05-01,111.62804823777577
United States,5,2021-01,2022-06-01,112.91058260837848
United States,5,2021-01,2022-07-01,112.77219979181909
United States,5,2021-01,2022-08-01,112.66256041208248
United States,5,2021-01,2022-09-01,112.86425277533235
United States,5,2021-01,2022-10-01,113.31148141601784
United States,5,2021-01,2022-11-01,113.22919454231311
United States,5,2021-01,2022-12-01,112.91349764418494
United States,5,2021-01,2023-01-01,113.77913750305282
United States,5,2021-01,2023-02-01,114.37006853071614
United States,5,2021-01,2023-03-01,114.78973010689673
United States,5,2021-01,2023-04-01,115.29501531096662
United States,5,2021-01,2023-05-01,115.57881698228833
United States,5,2021-01,2023-06-01,115.8762764102059
United States,5,2021-01,2023-07-01,115.89108094484743
United States,5,2021-01,2023-08-01,116.17918118419853
United States,5,2021-01,2023-09-01,116.4155432372686
United States,5,2021-01,2023-10-01,116.31137139931116
United States,5,2021-01,2023-11-01,115.86513416674255
United States,5,2021-01,2023-12-01,115.69017282980947
United States,5,2021-01,2024-01-01,116.31882915589217
United States,5,2021-01,2024-02-01,117.04565708125456
United States,5,2021-01,2024-03-01,117.77138261997943
United States,5,2021-01,2024-04-01,118.23469574757684
United States,5,2021-01,2024-05-01,118.41152892222323
United States,5,2021-01,2024-06-01,118.42045159527552
United States,5,2021-01,2024-07-01,118.34989145190906
United States,5,2021-01,2024-08-01,118.40473703676548
United States,5,2021-01,2024-09-01,118.61134204919175
United States,5,2021-01,2024-10-01,118.77192056986136
United States,5,2021-01,2024-11-01,118.5882659154851
United States,5,2021-01,2024-12-01,118.38346615365982
United States,5,2021-01,2025-01-01,119.10848142985317
United States,5,2021-01,2025-02-01,119.60110028544415
United States,5,2021-01,2025-03-01,119.88200171809547
United States,5,2021-01,2025-04-01,120.25976520348391
United States,5,2021-01,2025-05-01,120.5266685454097
United States,5,2021-01,2025-06-01,120.88505518110992
United States,5,2021-01,2025-07-01,121.03662964447884
United States,5,2021-01,2025-08-01,121.420778094083
United States,5,2021-01,2025-09-01,121.74321508769263
United States,5,2021-01,2025-10-01,121.50063823747168
United States,5,2021-01,2025-11-01,121.30999933486872
United States,5,2021-01,2025-12-01,121.3118267811738
United States,5,2021-01,2026-01-01,121.72941675830408
United States,5,2021-01,2026-02-01,122.34619098411979
United States,5,2021-01,2026-03-01,123.60587117805697
United States,5,2021-01,2026-04-01,124.53780220653412
United States,5,2021-01,2026-05-01,125.2722062655661
