year,quintile,category,component,contribution_pp,inflation_percent,aggregate_inflation_percent
2022,1,First quintile,Food and non-alcoholic beverages,2.33469035746151,9.76776169893794,9.04551755285081
2022,1,First quintile,"Housing, water, electricity, gas and other fuels",4.44250590154464,9.76776169893794,9.04551755285081
2022,1,First quintile,Other consumption categories,1.70638174288046,9.76776169893794,9.04551755285081
2022,1,First quintile,Transport,1.28418369705134,9.76776169893794,9.04551755285081
2022,2,Second quintile,Food and non-alcoholic beverages,2.16806281867365,9.51581575227949,9.04551755285081
2022,2,Second quintile,"Housing, water, electricity, gas and other fuels",3.91609699574977,9.51581575227949,9.04551755285081
2022,2,Second quintile,Other consumption categories,1.84147311499017,9.51581575227949,9.04551755285081
2022,2,Second quintile,Transport,1.59018282286591,9.51581575227949,9.04551755285081
2022,3,Third quintile,Food and non-alcoholic beverages,2.06833618978424,9.27281272208902,9.04551755285081
2022,3,Third quintile,"Housing, water, electricity, gas and other fuels",3.52782626979617,9.27281272208902,9.04551755285081
2022,3,Third quintile,Other consumption categories,1.93384391300541,9.27281272208902,9.04551755285081
2022,3,Third quintile,Transport,1.74280634950323,9.27281272208902,9.04551755285081
2022,4,Fourth quintile,Food and non-alcoholic beverages,1.93207076694753,8.96768301441444,9.04551755285081
2022,4,Fourth quintile,"Housing, water, electricity, gas and other fuels",3.17845391457064,8.96768301441444,9.04551755285081
2022,4,Fourth quintile,Other consumption categories,2.04718849691769,8.96768301441444,9.04551755285081
2022,4,Fourth quintile,Transport,1.8099698359786,8.96768301441444,9.04551755285081
2022,5,Fifth quintile,Food and non-alcoholic beverages,1.67873453597293,8.61677545658401,9.04551755285081
2022,5,Fifth quintile,"Housing, water, electricity, gas and other fuels",2.67759616499497,8.61677545658401,9.04551755285081
2022,5,Fifth quintile,Other consumption categories,2.31194792602665,8.61677545658401,9.04551755285081
2022,5,Fifth quintile,Transport,1.9484968295895,8.61677545658401,9.04551755285081
