coicop,scenario,year,month,base_value,value,date,price_index,previous_value,inflation_yoy
0451,Contrefactuel sans mesures,2020,1,112.46,112.46,2020-01-01,100,,
0451,Contrefactuel sans mesures,2020,2,112.46,114.97,2020-02-01,102.231904677219,,
0451,Contrefactuel sans mesures,2020,3,112.46,114.96,2020-03-01,102.223012626712,,
0451,Contrefactuel sans mesures,2020,4,112.46,114.99,2020-04-01,102.249688778232,,
0451,Contrefactuel sans mesures,2020,5,112.46,114.99,2020-05-01,102.249688778232,,
0451,Contrefactuel sans mesures,2020,6,112.46,115.02,2020-06-01,102.276364929753,,
0451,Contrefactuel sans mesures,2020,7,112.46,115.03,2020-07-01,102.28525698026,,
0451,Contrefactuel sans mesures,2020,8,112.46,116.74,2020-08-01,103.805797616931,,
0451,Contrefactuel sans mesures,2020,9,112.46,116.74,2020-09-01,103.805797616931,,
0451,Contrefactuel sans mesures,2020,10,112.46,116.59,2020-10-01,103.672416859328,,
0451,Contrefactuel sans mesures,2020,11,112.46,116.6,2020-11-01,103.681308909835,,
0451,Contrefactuel sans mesures,2020,12,112.46,116.6,2020-12-01,103.681308909835,,
0451,Contrefactuel sans mesures,2021,1,112.46,116.73,2021-01-01,103.796905566424,112.46,3.79690556642363
0451,Contrefactuel sans mesures,2021,2,112.46,118.42,2021-02-01,105.299662102081,114.97,3.00078281290772
0451,Contrefactuel sans mesures,2021,3,112.46,118.45,2021-03-01,105.326338253601,114.96,3.03583855254002
0451,Contrefactuel sans mesures,2021,4,112.46,118.46,2021-04-01,105.335230304108,114.99,3.01765370901821
0451,Contrefactuel sans mesures,2021,5,112.46,118.56,2021-05-01,105.424150809177,114.99,3.10461779285156
0451,Contrefactuel sans mesures,2021,6,112.46,118.58,2021-06-01,105.44193491019,115.02,3.09511389323596
0451,Contrefactuel sans mesures,2021,7,112.46,118.63,2021-07-01,105.486395162725,115.03,3.12961836042769
0451,Contrefactuel sans mesures,2021,8,112.46,119.26,2021-08-01,106.046594344656,116.74,2.15864313859862
0451,Contrefactuel sans mesures,2021,9,112.46,119.33,2021-09-01,106.108838698204,116.74,2.21860544800412
0451,Contrefactuel sans mesures,2021,10,112.46,119.59,2021-10-01,106.340032011382,116.59,2.57311947851446
0451,Contrefactuel sans mesures,2021,11,112.46,120.48,2021-11-01,107.131424506491,116.6,3.32761578044598
0451,Contrefactuel sans mesures,2021,12,112.46,120.24,2021-12-01,106.918015294327,116.6,3.12178387650086
0451,Contrefactuel sans mesures,2022,1,112.46,121.24,2022-01-01,107.807220345012,116.73,3.86361689368628
0451,Contrefactuel sans mesures,2022,2,112.46,162.353430882448,2022-02-01,144.36549073666,118.42,37.0996714089238
0451,Contrefactuel sans mesures,2022,3,112.46,164.170283542673,2022-03-01,145.981045298482,118.45,38.5988041727928
0451,Contrefactuel sans mesures,2022,4,112.46,165.555797082126,2022-04-01,147.213050935555,118.46,39.7567086629457
0451,Contrefactuel sans mesures,2022,5,112.46,165.019890901771,2022-05-01,146.736520453291,118.56,39.1868175622227
0451,Contrefactuel sans mesures,2022,6,112.46,166.758318267311,2022-06-01,148.282338846977,118.58,40.6293795474033
0451,Contrefactuel sans mesures,2022,7,112.46,167.777847098229,2022-07-01,149.188909032748,118.63,41.429526340916
0451,Contrefactuel sans mesures,2022,8,112.46,174.32118313506,2022-08-01,155.007276485025,119.26,46.169028286986
0451,Contrefactuel sans mesures,2022,9,112.46,179.151753789382,2022-09-01,159.302644308538,119.33,50.1313615933814
0451,Contrefactuel sans mesures,2022,10,112.46,176.51936416315,2022-10-01,156.961910157523,119.59,47.6037830614183
0451,Contrefactuel sans mesures,2022,11,112.46,179.572393368831,2022-11-01,159.676679147103,120.48,49.0474712556702
0451,Contrefactuel sans mesures,2022,12,112.46,175.081048181807,2022-12-01,155.682952322432,120.24,45.6096541764861
0451,Contrefactuel sans mesures,2023,1,112.46,169.639871686348,2023-01-01,150.844630701003,121.24,39.9207123773904
0451,Contrefactuel sans mesures,2023,2,112.46,263.90246764,2023-02-01,234.66340711364,162.353430882448,62.5481310777345
0451,Contrefactuel sans mesures,2023,3,112.46,269.053195626833,2023-03-01,239.243460454236,164.170283542673,63.8866607408264
0451,Contrefactuel sans mesures,2023,4,112.46,271.850407454889,2023-04-01,241.730755339578,165.555797082126,64.2047045444351
0451,Contrefactuel sans mesures,2023,5,112.46,271.078762812667,2023-05-01,241.04460502638,165.019890901771,64.2703563378473
0451,Contrefactuel sans mesures,2023,6,112.46,270.924433884222,2023-06-01,240.90737496374,166.758318267311,62.4653190912701
0451,Contrefactuel sans mesures,2023,7,112.46,270.827978303944,2023-07-01,240.82160617459,167.777847098229,61.4205826263722
0451,Contrefactuel sans mesures,2023,8,112.46,273.148432422053,2023-08-01,242.884965696294,174.32118313506,56.6926219233059
0451,Contrefactuel sans mesures,2023,9,112.46,276.065953754707,2023-09-01,245.479240400771,179.151753789382,54.0961491670695
0451,Contrefactuel sans mesures,2023,10,112.46,277.560733202919,2023-10-01,246.808405835781,176.51936416315,57.2409545654041
0451,Contrefactuel sans mesures,2023,11,112.46,276.696282437688,2023-11-01,246.039731849269,179.572393368831,54.0862029217207
0451,Contrefactuel sans mesures,2023,12,112.46,276.354104009784,2023-12-01,245.735465062942,175.081048181807,57.8435283999521
0451,Contrefactuel sans mesures,2024,1,112.46,277.48869563915,2024-01-01,246.744349670238,169.639871686348,63.575162419485
0451,Contrefactuel sans mesures,2024,2,112.46,168.37,2024-02-01,149.715454383781,263.90246764,-36.1999144965631
0451,Contrefactuel sans mesures,2024,3,112.46,167.89,2024-03-01,149.288635959452,269.053195626833,-37.5997004574303
0451,Contrefactuel sans mesures,2024,4,112.46,167.94,2024-04-01,149.333096211986,271.850407454889,-38.2233774919509
0451,Contrefactuel sans mesures,2024,5,112.46,167.94,2024-05-01,149.333096211986,271.078762812667,-38.0475260188281
0451,Contrefactuel sans mesures,2024,6,112.46,167.68,2024-06-01,149.101902898809,270.924433884222,-38.1082032373437
0451,Contrefactuel sans mesures,2024,7,112.46,167.78,2024-07-01,149.190823403877,270.827978303944,-38.0492366221838
0451,Contrefactuel sans mesures,2024,8,112.46,167.54,2024-08-01,148.977414191713,273.148432422053,-38.6633858688498
0451,Contrefactuel sans mesures,2024,9,112.46,167.7,2024-09-01,149.119686999822,276.065953754707,-39.2536465583125
0451,Contrefactuel sans mesures,2024,10,112.46,167.92,2024-10-01,149.315312110973,277.560733202919,-39.501528886207
0451,Contrefactuel sans mesures,2024,11,112.46,168.27,2024-11-01,149.626533878712,276.696282437688,-39.1860279012262
0451,Contrefactuel sans mesures,2024,12,112.46,168.48,2024-12-01,149.813266939356,276.354104009784,-39.0347392872316
0451,Contrefactuel sans mesures,2025,1,112.46,168.34,2025-01-01,149.68877823226,277.48869563915,-39.3344656393097
0451,Contrefactuel sans mesures,2025,2,112.46,147.2,2025-02-01,130.890983460786,168.37,-12.5734988418364
0451,Contrefactuel sans mesures,2025,3,112.46,146.31,2025-03-01,130.099590965677,167.89,-12.853654178331
0451,Contrefactuel sans mesures,2025,4,112.46,144.32,2025-04-01,128.330072914814,167.94,-14.0645468619745
0451,Contrefactuel sans mesures,2025,5,112.46,144.41,2025-05-01,128.410101369376,167.94,-14.0109562939145
0451,Contrefactuel sans mesures,2025,6,112.46,144.41,2025-06-01,128.410101369376,167.68,-13.8776240458016
0451,Contrefactuel sans mesures,2025,7,112.46,144.89,2025-07-01,128.836919793704,167.78,-13.6428656574085
0451,Contrefactuel sans mesures,2025,8,112.46,144.75,2025-08-01,128.712431086609,167.54,-13.6027217380924
0451,Contrefactuel sans mesures,2025,9,112.46,144.68,2025-09-01,128.650186733061,167.7,-13.726893261777
0451,Contrefactuel sans mesures,2025,10,112.46,144.68,2025-10-01,128.650186733061,167.92,-13.8399237732253
0451,Contrefactuel sans mesures,2025,11,112.46,144.63,2025-11-01,128.605726480526,168.27,-14.0488500623997
0451,Contrefactuel sans mesures,2025,12,112.46,144.6,2025-12-01,128.579050329006,168.48,-14.1737891737892
0451,Contrefactuel sans mesures,2026,1,112.46,143.69,2026-01-01,127.769873732883,168.34,-14.64298443626
0451,Contrefactuel sans mesures,2026,2,112.46,141.88,2026-02-01,126.160412591144,147.2,-3.6141304347826
0451,Contrefactuel sans mesures,2026,3,112.46,141.83,2026-03-01,126.115952338609,146.31,-3.06199166154058
0451,Contrefactuel sans mesures,2026,4,112.46,142.9,2026-04-01,127.067401742842,144.32,-0.983924611973408
0451,Contrefactuel sans mesures,2026,5,112.46,143.28,2026-05-01,127.405299662102,144.41,-0.782494287099234
0451,Contrefactuel sans mesures,2026,6,112.46,143.42,2026-06-01,127.529788369198,144.41,-0.685548092237409
0451,Observe,2020,1,112.46,112.46,2020-01-01,100,,
0451,Observe,2020,2,112.46,114.97,2020-02-01,102.231904677219,,
0451,Observe,2020,3,112.46,114.96,2020-03-01,102.223012626712,,
0451,Observe,2020,4,112.46,114.99,2020-04-01,102.249688778232,,
0451,Observe,2020,5,112.46,114.99,2020-05-01,102.249688778232,,
0451,Observe,2020,6,112.46,115.02,2020-06-01,102.276364929753,,
0451,Observe,2020,7,112.46,115.03,2020-07-01,102.28525698026,,
0451,Observe,2020,8,112.46,116.74,2020-08-01,103.805797616931,,
0451,Observe,2020,9,112.46,116.74,2020-09-01,103.805797616931,,
0451,Observe,2020,10,112.46,116.59,2020-10-01,103.672416859328,,
0451,Observe,2020,11,112.46,116.6,2020-11-01,103.681308909835,,
0451,Observe,2020,12,112.46,116.6,2020-12-01,103.681308909835,,
0451,Observe,2021,1,112.46,116.73,2021-01-01,103.796905566424,112.46,3.79690556642363
0451,Observe,2021,2,112.46,118.42,2021-02-01,105.299662102081,114.97,3.00078281290772
0451,Observe,2021,3,112.46,118.45,2021-03-01,105.326338253601,114.96,3.03583855254002
0451,Observe,2021,4,112.46,118.46,2021-04-01,105.335230304108,114.99,3.01765370901816
0451,Observe,2021,5,112.46,118.56,2021-05-01,105.424150809177,114.99,3.10461779285156
0451,Observe,2021,6,112.46,118.58,2021-06-01,105.44193491019,115.02,3.09511389323596
0451,Observe,2021,7,112.46,118.63,2021-07-01,105.486395162725,115.03,3.12961836042771
0451,Observe,2021,8,112.46,119.26,2021-08-01,106.046594344656,116.74,2.15864313859862
0451,Observe,2021,9,112.46,119.33,2021-09-01,106.108838698204,116.74,2.21860544800412
0451,Observe,2021,10,112.46,119.59,2021-10-01,106.340032011382,116.59,2.57311947851446
0451,Observe,2021,11,112.46,120.48,2021-11-01,107.131424506491,116.6,3.32761578044598
0451,Observe,2021,12,112.46,120.24,2021-12-01,106.918015294327,116.6,3.12178387650086
0451,Observe,2022,1,112.46,121.24,2022-01-01,107.807220345012,116.73,3.86361689368628
0451,Observe,2022,2,112.46,124.21,2022-02-01,110.448159345545,118.42,4.8893767944604
0451,Observe,2022,3,112.46,125.6,2022-03-01,111.684154365997,118.45,6.03630223723088
0451,Observe,2022,4,112.46,126.66,2022-04-01,112.626711719723,118.46,6.9221678203613
0451,Observe,2022,5,112.46,126.25,2022-05-01,112.262137648942,118.56,6.4861673414305
0451,Observe,2022,6,112.46,127.58,2022-06-01,113.444780366353,118.58,7.58981278461799
0451,Observe,2022,7,112.46,128.36,2022-07-01,114.138360305887,118.63,8.20197251959878
0451,Observe,2022,8,112.46,128.47,2022-08-01,114.236172861462,119.26,7.72262284085192
0451,Observe,2022,9,112.46,132.03,2022-09-01,117.401742841899,119.33,10.6427553842286
0451,Observe,2022,10,112.46,130.09,2022-10-01,115.676685043571,119.59,8.77999832761938
0451,Observe,2022,11,112.46,132.34,2022-11-01,117.677396407612,120.48,9.84395750332006
0451,Observe,2022,12,112.46,129.03,2022-12-01,114.734127689845,120.24,7.31037924151696
0451,Observe,2023,1,112.46,125.02,2023-01-01,111.1684154366,121.24,3.11778290993072
0451,Observe,2023,2,112.46,136.8,2023-02-01,121.643250933665,124.21,10.1360598985589
0451,Observe,2023,3,112.46,139.47,2023-03-01,124.017428418993,125.6,11.0429936305733
0451,Observe,2023,4,112.46,140.92,2023-04-01,125.306775742486,126.66,11.2584872888047
0451,Observe,2023,5,112.46,140.52,2023-05-01,124.951093722212,126.25,11.3029702970297
0451,Observe,2023,6,112.46,140.44,2023-06-01,124.879957318158,127.58,10.0799498353974
0451,Observe,2023,7,112.46,140.39,2023-07-01,124.835497065623,128.36,9.37207852913677
0451,Observe,2023,8,112.46,151.67,2023-08-01,134.865730037347,128.47,18.058690744921
0451,Observe,2023,9,112.46,153.29,2023-09-01,136.306242219456,132.03,16.1024009694766
0451,Observe,2023,10,112.46,154.12,2023-10-01,137.044282411524,130.09,18.4718271965562
0451,Observe,2023,11,112.46,153.64,2023-11-01,136.617463987195,132.34,16.0949070575789
0451,Observe,2023,12,112.46,153.45,2023-12-01,136.448515027565,129.03,18.925831202046
0451,Observe,2024,1,112.46,154.08,2024-01-01,137.008714209497,125.02,23.2442809150536
0451,Observe,2024,2,112.46,168.37,2024-02-01,149.715454383781,136.8,23.077485380117
0451,Observe,2024,3,112.46,167.89,2024-03-01,149.288635959452,139.47,20.3771420377142
0451,Observe,2024,4,112.46,167.94,2024-04-01,149.333096211987,140.92,19.173999432302
0451,Observe,2024,5,112.46,167.94,2024-05-01,149.333096211987,140.52,19.5132365499573
0451,Observe,2024,6,112.46,167.68,2024-06-01,149.101902898808,140.44,19.3961834235261
0451,Observe,2024,7,112.46,167.78,2024-07-01,149.190823403877,140.39,19.5099366051713
0451,Observe,2024,8,112.46,167.54,2024-08-01,148.977414191713,151.67,10.4635062965649
0451,Observe,2024,9,112.46,167.7,2024-09-01,149.119686999822,153.29,9.40048274512362
0451,Observe,2024,10,112.46,167.92,2024-10-01,149.315312110973,154.12,8.95406177004929
0451,Observe,2024,11,112.46,168.27,2024-11-01,149.626533878712,153.64,9.52225982816977
0451,Observe,2024,12,112.46,168.48,2024-12-01,149.813266939356,153.45,9.79472140762463
0451,Observe,2025,1,112.46,168.34,2025-01-01,149.68877823226,154.08,9.25493250259606
0451,Observe,2025,2,112.46,147.2,2025-02-01,130.890983460786,168.37,-12.5734988418364
0451,Observe,2025,3,112.46,146.31,2025-03-01,130.099590965677,167.89,-12.853654178331
0451,Observe,2025,4,112.46,144.32,2025-04-01,128.330072914814,167.94,-14.0645468619745
0451,Observe,2025,5,112.46,144.41,2025-05-01,128.410101369376,167.94,-14.0109562939145
0451,Observe,2025,6,112.46,144.41,2025-06-01,128.410101369376,167.68,-13.8776240458015
0451,Observe,2025,7,112.46,144.89,2025-07-01,128.836919793704,167.78,-13.6428656574085
0451,Observe,2025,8,112.46,144.75,2025-08-01,128.712431086609,167.54,-13.6027217380924
0451,Observe,2025,9,112.46,144.68,2025-09-01,128.650186733061,167.7,-13.726893261777
0451,Observe,2025,10,112.46,144.68,2025-10-01,128.650186733061,167.92,-13.8399237732253
0451,Observe,2025,11,112.46,144.63,2025-11-01,128.605726480526,168.27,-14.0488500623997
0451,Observe,2025,12,112.46,144.6,2025-12-01,128.579050329006,168.48,-14.1737891737892
0451,Observe,2026,1,112.46,143.69,2026-01-01,127.769873732883,168.34,-14.64298443626
0451,Observe,2026,2,112.46,141.88,2026-02-01,126.160412591144,147.2,-3.6141304347826
0451,Observe,2026,3,112.46,141.83,2026-03-01,126.115952338609,146.31,-3.06199166154055
0451,Observe,2026,4,112.46,142.9,2026-04-01,127.067401742842,144.32,-0.983924611973386
0451,Observe,2026,5,112.46,143.28,2026-05-01,127.405299662102,144.41,-0.782494287099234
0451,Observe,2026,6,112.46,143.42,2026-06-01,127.529788369198,144.41,-0.685548092237387
0452,Contrefactuel sans mesures,2020,1,107.83,107.83,2020-01-01,100,,
0452,Contrefactuel sans mesures,2020,2,107.83,105.46,2020-02-01,97.8020958916814,,
0452,Contrefactuel sans mesures,2020,3,107.83,102.48,2020-03-01,95.0384865065381,,
0452,Contrefactuel sans mesures,2020,4,107.83,99.51,2020-04-01,92.2841509783919,,
0452,Contrefactuel sans mesures,2020,5,107.83,98.6,2020-05-01,91.4402299916535,,
0452,Contrefactuel sans mesures,2020,6,107.83,97.5,2020-06-01,90.4201057219698,,
0452,Contrefactuel sans mesures,2020,7,107.83,96.74,2020-07-01,89.7152925901883,,
0452,Contrefactuel sans mesures,2020,8,107.83,97.51,2020-08-01,90.4293795789669,,
0452,Contrefactuel sans mesures,2020,9,107.83,97.87,2020-09-01,90.7632384308634,,
0452,Contrefactuel sans mesures,2020,10,107.83,101.23,2020-10-01,93.8792543818975,,
0452,Contrefactuel sans mesures,2020,11,107.83,102.39,2020-11-01,94.9550217935639,,
0452,Contrefactuel sans mesures,2020,12,107.83,103.39,2020-12-01,95.8824074932765,,
0452,Contrefactuel sans mesures,2021,1,107.83,104.24,2021-01-01,96.6706853380321,107.83,-3.32931466196792
0452,Contrefactuel sans mesures,2021,2,107.83,106.47,2021-02-01,98.738755448391,105.46,0.957709084012892
0452,Contrefactuel sans mesures,2021,3,107.83,110.64,2021-03-01,102.605953816192,102.48,7.96252927400467
0452,Contrefactuel sans mesures,2021,4,107.83,107.99,2021-04-01,100.148381711954,99.51,8.52175660737613
0452,Contrefactuel sans mesures,2021,5,107.83,108.62,2021-05-01,100.732634702773,98.6,10.1622718052738
0452,Contrefactuel sans mesures,2021,6,107.83,111.82,2021-06-01,103.700268941853,97.5,14.6871794871795
0452,Contrefactuel sans mesures,2021,7,107.83,120.1,2021-07-01,111.379022535473,96.74,24.1471986768658
0452,Contrefactuel sans mesures,2021,8,107.83,124.07,2021-08-01,115.060743763331,97.51,27.2382319762076
0452,Contrefactuel sans mesures,2021,9,107.83,130.99,2021-09-01,121.478252805342,97.87,33.8408092367426
0452,Contrefactuel sans mesures,2021,10,107.83,145.66,2021-10-01,135.083001020124,101.23,43.8901511409661
0452,Contrefactuel sans mesures,2021,11,107.83,170.9815344,2021-11-01,158.565829917463,102.39,66.9904623498389
0452,Contrefactuel sans mesures,2021,12,107.83,200.144144907264,2021-12-01,185.610817868185,103.39,93.5817244484611
0452,Contrefactuel sans mesures,2022,1,107.83,195.220598942545,2022-01-01,181.044791748628,104.24,87.2799299141839
0452,Contrefactuel sans mesures,2022,2,107.83,230.758556774046,2022-02-01,214.002185638548,106.47,116.735753521223
0452,Contrefactuel sans mesures,2022,3,107.83,197.833925893525,2022-03-01,183.46835379164,110.64,78.8086821163461
0452,Contrefactuel sans mesures,2022,4,107.83,192.967211316545,2022-04-01,178.955032288366,107.99,78.6898891717238
0452,Contrefactuel sans mesures,2022,5,107.83,247.241169171436,2022-05-01,229.287924669791,108.62,127.62029936608
0452,Contrefactuel sans mesures,2022,6,107.83,211.559323636614,2022-06-01,196.197091381447,111.82,89.1963187592687
0452,Contrefactuel sans mesures,2022,7,107.83,208.957143955884,2022-07-01,193.783867157455,120.1,73.9859649924096
0452,Contrefactuel sans mesures,2022,8,107.83,227.277435968946,2022-08-01,210.773843984926,124.07,83.1848440146257
0452,Contrefactuel sans mesures,2022,9,107.83,280.205891194806,2022-09-01,259.858936469263,130.99,113.913956175896
0452,Contrefactuel sans mesures,2022,10,107.83,370.048260891959,2022-10-01,343.177465354687,145.66,154.049334677989
0452,Contrefactuel sans mesures,2022,11,107.83,354.251209329309,2022-11-01,328.527505637864,170.9815344,107.186823169197
0452,Contrefactuel sans mesures,2022,12,107.83,303.125356806775,2022-12-01,281.114121122855,200.144144907264,51.4535221338734
0452,Contrefactuel sans mesures,2023,1,107.83,261.145538499549,2023-01-01,242.182637948205,195.220598942545,33.7694587118884
0452,Contrefactuel sans mesures,2023,2,107.83,255.1496369356,2023-02-01,236.622124580914,230.758556774046,10.5699569725757
0452,Contrefactuel sans mesures,2023,3,107.83,201.74,2023-03-01,187.090791060002,197.833925893525,1.97442076167307
0452,Contrefactuel sans mesures,2023,4,107.83,194.65,2023-04-01,180.51562644904,192.967211316545,0.872059388729518
0452,Contrefactuel sans mesures,2023,5,107.83,195.12,2023-05-01,180.951497727905,247.241169171436,-21.0811044722472
0452,Contrefactuel sans mesures,2023,6,107.83,194.84,2023-06-01,180.691829731986,211.559323636614,-7.90290087395639
0452,Contrefactuel sans mesures,2023,7,107.83,174.35,2023-07-01,161.689696744876,208.957143955884,-16.5618381361445
0452,Contrefactuel sans mesures,2023,8,107.83,179.82,2023-08-01,166.762496522304,227.277435968946,-20.8808392116103
0452,Contrefactuel sans mesures,2023,9,107.83,180.49,2023-09-01,167.383844941111,280.205891194806,-35.5866505053176
0452,Contrefactuel sans mesures,2023,10,107.83,182.99,2023-10-01,169.702309190392,370.048260891959,-50.5496932862423
0452,Contrefactuel sans mesures,2023,11,107.83,187.88,2023-11-01,174.237225261986,354.251209329309,-46.9641895208469
0452,Contrefactuel sans mesures,2023,12,107.83,193.65,2023-12-01,179.588240749328,303.125356806775,-36.1155391155742
0452,Contrefactuel sans mesures,2024,1,107.83,200.84,2024-01-01,186.256143930261,261.145538499549,-23.092693387007
0452,Contrefactuel sans mesures,2024,2,107.83,189.12,2024-02-01,175.38718352963,255.1496369356,-25.8787892973822
0452,Contrefactuel sans mesures,2024,3,107.83,181.86,2024-03-01,168.654363349717,201.74,-9.85426786953502
0452,Contrefactuel sans mesures,2024,4,107.83,171.75,2024-04-01,159.278493925624,194.65,-11.764705882353
0452,Contrefactuel sans mesures,2024,5,107.83,173.14,2024-05-01,160.567560048224,195.12,-11.2648626486265
0452,Contrefactuel sans mesures,2024,6,107.83,176.71,2024-06-01,163.878326996198,194.84,-9.30507082734551
0452,Contrefactuel sans mesures,2024,7,107.83,193.06,2024-07-01,179.041083186497,174.35,10.731287639805
0452,Contrefactuel sans mesures,2024,8,107.83,196.14,2024-08-01,181.897431141612,179.82,9.07574240907576
0452,Contrefactuel sans mesures,2024,9,107.83,194.97,2024-09-01,180.812389872948,180.49,8.02260513047812
0452,Contrefactuel sans mesures,2024,10,107.83,201.51,2024-10-01,186.877492349068,182.99,10.1207716268648
0452,Contrefactuel sans mesures,2024,11,107.83,200.71,2024-11-01,186.135583789298,187.88,6.8288269107941
0452,Contrefactuel sans mesures,2024,12,107.83,203.43,2024-12-01,188.658072892516,193.65,5.05034856700233
0452,Contrefactuel sans mesures,2025,1,107.83,208.15,2025-01-01,193.035333395159,200.84,3.63971320454093
0452,Contrefactuel sans mesures,2025,2,107.83,209.27,2025-02-01,194.074005378837,189.12,10.6546108291032
0452,Contrefactuel sans mesures,2025,3,107.83,212.77,2025-03-01,197.319855327831,181.86,16.9965907841197
0452,Contrefactuel sans mesures,2025,4,107.83,216.13,2025-04-01,200.435871278865,171.75,25.839883551674
0452,Contrefactuel sans mesures,2025,5,107.83,207.52,2025-05-01,192.45108040434,173.14,19.856763312926
0452,Contrefactuel sans mesures,2025,6,107.83,203.53,2025-06-01,188.750811462487,176.71,15.1774093146964
0452,Contrefactuel sans mesures,2025,7,107.83,203.54,2025-07-01,188.760085319484,193.06,5.42836423909665
0452,Contrefactuel sans mesures,2025,8,107.83,207.94,2025-08-01,192.840582398219,196.14,6.01611094116448
0452,Contrefactuel sans mesures,2025,9,107.83,206.49,2025-09-01,191.495873133636,194.97,5.90860132328057
0452,Contrefactuel sans mesures,2025,10,107.83,203.96,2025-10-01,189.149587313364,201.51,1.21582055481115
0452,Contrefactuel sans mesures,2025,11,107.83,204.34,2025-11-01,189.501993879254,200.71,1.8085795426237
0452,Contrefactuel sans mesures,2025,12,107.83,202.53,2025-12-01,187.823425762775,203.43,-0.44241262350686
0452,Contrefactuel sans mesures,2026,1,107.83,204.7,2026-01-01,189.835852731151,208.15,-1.65745856353593
0452,Contrefactuel sans mesures,2026,2,107.83,202.39,2026-02-01,187.693591764815,209.27,-3.28761886558038
0452,Contrefactuel sans mesures,2026,3,107.83,208.05,2026-03-01,192.942594825188,212.77,-2.21835785120084
0452,Contrefactuel sans mesures,2026,4,107.83,209.48,2026-04-01,194.268756375777,216.13,-3.07685189469301
0452,Contrefactuel sans mesures,2026,5,107.83,230.92,2026-05-01,214.151905777613,207.52,11.2760215882806
0452,Contrefactuel sans mesures,2026,6,107.83,224.65,2026-06-01,208.337197440415,203.53,10.3768486218248
0452,Observe,2020,1,107.83,107.83,2020-01-01,100,,
0452,Observe,2020,2,107.83,105.46,2020-02-01,97.8020958916814,,
0452,Observe,2020,3,107.83,102.48,2020-03-01,95.0384865065381,,
0452,Observe,2020,4,107.83,99.51,2020-04-01,92.2841509783919,,
0452,Observe,2020,5,107.83,98.6,2020-05-01,91.4402299916535,,
0452,Observe,2020,6,107.83,97.5,2020-06-01,90.4201057219698,,
0452,Observe,2020,7,107.83,96.74,2020-07-01,89.7152925901883,,
0452,Observe,2020,8,107.83,97.51,2020-08-01,90.4293795789669,,
0452,Observe,2020,9,107.83,97.87,2020-09-01,90.7632384308634,,
0452,Observe,2020,10,107.83,101.23,2020-10-01,93.8792543818975,,
0452,Observe,2020,11,107.83,102.39,2020-11-01,94.9550217935639,,
0452,Observe,2020,12,107.83,103.39,2020-12-01,95.8824074932765,,
0452,Observe,2021,1,107.83,104.24,2021-01-01,96.6706853380321,107.83,-3.32931466196792
0452,Observe,2021,2,107.83,106.47,2021-02-01,98.738755448391,105.46,0.957709084012892
0452,Observe,2021,3,107.83,110.64,2021-03-01,102.605953816192,102.48,7.96252927400467
0452,Observe,2021,4,107.83,107.99,2021-04-01,100.148381711954,99.51,8.52175660737613
0452,Observe,2021,5,107.83,108.62,2021-05-01,100.732634702773,98.6,10.1622718052738
0452,Observe,2021,6,107.83,111.82,2021-06-01,103.700268941853,97.5,14.6871794871795
0452,Observe,2021,7,107.83,120.1,2021-07-01,111.379022535473,96.74,24.1471986768658
0452,Observe,2021,8,107.83,124.07,2021-08-01,115.060743763331,97.51,27.2382319762076
0452,Observe,2021,9,107.83,130.99,2021-09-01,121.478252805342,97.87,33.8408092367426
0452,Observe,2021,10,107.83,145.66,2021-10-01,135.083001020124,101.23,43.8901511409661
0452,Observe,2021,11,107.83,148.64,2021-11-01,137.846610405268,102.39,45.1704267994921
0452,Observe,2021,12,107.83,150.3,2021-12-01,139.38607066679,103.39,45.3718928329626
0452,Observe,2022,1,107.83,151.6,2022-01-01,140.591672076417,104.24,45.4336147352264
0452,Observe,2022,2,107.83,151.55,2022-02-01,140.545302791431,106.47,42.3405654174885
0452,Observe,2022,3,107.83,151.72,2022-03-01,140.702958360382,110.64,37.1294287780188
0452,Observe,2022,4,107.83,160.29,2022-04-01,148.650653806918,107.99,48.4304102231688
0452,Observe,2022,5,107.83,162.03,2022-05-01,150.264304924418,108.62,49.1714233106242
0452,Observe,2022,6,107.83,161.42,2022-06-01,149.698599647593,111.82,44.3570023251654
0452,Observe,2022,7,107.83,166.41,2022-07-01,154.326254289159,120.1,38.5595337218984
0452,Observe,2022,8,107.83,167.02,2022-08-01,154.891959565984,124.07,34.6175546062707
0452,Observe,2022,9,107.83,167.88,2022-09-01,155.689511267736,130.99,28.162455149248
0452,Observe,2022,10,107.83,191.88,2022-10-01,177.946768060837,145.66,31.7314293560346
0452,Observe,2022,11,107.83,193.28,2022-11-01,179.245108040434,148.64,30.032292787944
0452,Observe,2022,12,107.83,191.34,2022-12-01,177.445979782992,150.3,27.3053892215569
0452,Observe,2023,1,107.83,205.31,2023-01-01,190.401558007976,151.6,35.4287598944591
0452,Observe,2023,2,107.83,202.39,2023-02-01,187.693591764815,151.55,33.5466842626196
0452,Observe,2023,3,107.83,201.74,2023-03-01,187.090791060002,151.72,32.9686264170841
0452,Observe,2023,4,107.83,194.65,2023-04-01,180.51562644904,160.29,21.4361469835922
0452,Observe,2023,5,107.83,195.12,2023-05-01,180.951497727905,162.03,20.4221440473986
0452,Observe,2023,6,107.83,194.84,2023-06-01,180.691829731986,161.42,20.703754181638
0452,Observe,2023,7,107.83,174.35,2023-07-01,161.689696744876,166.41,4.77134787572862
0452,Observe,2023,8,107.83,179.82,2023-08-01,166.762496522304,167.02,7.66375284397076
0452,Observe,2023,9,107.83,180.49,2023-09-01,167.383844941111,167.88,7.51131760781512
0452,Observe,2023,10,107.83,182.99,2023-10-01,169.702309190392,191.88,-4.63310402334792
0452,Observe,2023,11,107.83,187.88,2023-11-01,174.237225261986,193.28,-2.79387417218543
0452,Observe,2023,12,107.83,193.65,2023-12-01,179.588240749328,191.34,1.20727500783946
0452,Observe,2024,1,107.83,200.84,2024-01-01,186.256143930261,205.31,-2.17719546052311
0452,Observe,2024,2,107.83,189.12,2024-02-01,175.38718352963,202.39,-6.55664805573397
0452,Observe,2024,3,107.83,181.86,2024-03-01,168.654363349717,201.74,-9.85426786953504
0452,Observe,2024,4,107.83,171.75,2024-04-01,159.278493925624,194.65,-11.7647058823529
0452,Observe,2024,5,107.83,173.14,2024-05-01,160.567560048224,195.12,-11.2648626486265
0452,Observe,2024,6,107.83,176.71,2024-06-01,163.878326996198,194.84,-9.30507082734551
0452,Observe,2024,7,107.83,193.06,2024-07-01,179.041083186497,174.35,10.731287639805
0452,Observe,2024,8,107.83,196.14,2024-08-01,181.897431141612,179.82,9.07574240907574
0452,Observe,2024,9,107.83,194.97,2024-09-01,180.812389872948,180.49,8.02260513047814
0452,Observe,2024,10,107.83,201.51,2024-10-01,186.877492349068,182.99,10.1207716268648
0452,Observe,2024,11,107.83,200.71,2024-11-01,186.135583789298,187.88,6.82882691079414
0452,Observe,2024,12,107.83,203.43,2024-12-01,188.658072892516,193.65,5.05034856700233
0452,Observe,2025,1,107.83,208.15,2025-01-01,193.035333395159,200.84,3.63971320454093
0452,Observe,2025,2,107.83,209.27,2025-02-01,194.074005378837,189.12,10.6546108291032
0452,Observe,2025,3,107.83,212.77,2025-03-01,197.319855327831,181.86,16.9965907841197
0452,Observe,2025,4,107.83,216.13,2025-04-01,200.435871278865,171.75,25.839883551674
0452,Observe,2025,5,107.83,207.52,2025-05-01,192.45108040434,173.14,19.856763312926
0452,Observe,2025,6,107.83,203.53,2025-06-01,188.750811462487,176.71,15.1774093146964
0452,Observe,2025,7,107.83,203.54,2025-07-01,188.760085319484,193.06,5.42836423909665
0452,Observe,2025,8,107.83,207.94,2025-08-01,192.840582398219,196.14,6.01611094116448
0452,Observe,2025,9,107.83,206.49,2025-09-01,191.495873133636,194.97,5.90860132328051
0452,Observe,2025,10,107.83,203.96,2025-10-01,189.149587313364,201.51,1.21582055481118
0452,Observe,2025,11,107.83,204.34,2025-11-01,189.501993879254,200.71,1.80857954262368
0452,Observe,2025,12,107.83,202.53,2025-12-01,187.823425762775,203.43,-0.44241262350686
0452,Observe,2026,1,107.83,204.7,2026-01-01,189.835852731151,208.15,-1.65745856353592
0452,Observe,2026,2,107.83,202.39,2026-02-01,187.693591764815,209.27,-3.28761886558037
0452,Observe,2026,3,107.83,208.05,2026-03-01,192.942594825188,212.77,-2.21835785120083
0452,Observe,2026,4,107.83,209.48,2026-04-01,194.268756375777,216.13,-3.07685189469301
0452,Observe,2026,5,107.83,230.92,2026-05-01,214.151905777613,207.52,11.2760215882806
0452,Observe,2026,6,107.83,224.65,2026-06-01,208.337197440415,203.53,10.3768486218248
0722,Contrefactuel sans mesures,2020,1,120.77,120.77,2020-01-01,100,,
0722,Contrefactuel sans mesures,2020,2,120.77,116.21,2020-02-01,96.2242278711601,,
0722,Contrefactuel sans mesures,2020,3,120.77,108.61,2020-03-01,89.9312743230935,,
0722,Contrefactuel sans mesures,2020,4,120.77,100.96,2020-04-01,83.5969197648423,,
0722,Contrefactuel sans mesures,2020,5,120.77,97.65,2020-05-01,80.8561728906186,,
0722,Contrefactuel sans mesures,2020,6,120.77,101.26,2020-06-01,83.8453258259502,,
0722,Contrefactuel sans mesures,2020,7,120.77,103.84,2020-07-01,85.981617951478,,
0722,Contrefactuel sans mesures,2020,8,120.77,103.36,2020-08-01,85.5841682537054,,
0722,Contrefactuel sans mesures,2020,9,120.77,101.97,2020-09-01,84.4332201705722,,
0722,Contrefactuel sans mesures,2020,10,120.77,101.84,2020-10-01,84.3255775440921,,
0722,Contrefactuel sans mesures,2020,11,120.77,102.09,2020-11-01,84.5325825950153,,
0722,Contrefactuel sans mesures,2020,12,120.77,104.88,2020-12-01,86.8427589633187,,
0722,Contrefactuel sans mesures,2021,1,120.77,107.93,2021-01-01,89.3682205845823,120.77,-10.6317794154177
0722,Contrefactuel sans mesures,2021,2,120.77,111.53,2021-02-01,92.349093317877,116.21,-4.02719215213838
0722,Contrefactuel sans mesures,2021,3,120.77,115.02,2021-03-01,95.2388838287654,108.61,5.90185065831874
0722,Contrefactuel sans mesures,2021,4,120.77,115.03,2021-04-01,95.2471640308024,100.96,13.9362123613312
0722,Contrefactuel sans mesures,2021,5,120.77,115.88,2021-05-01,95.9509812039414,97.65,18.6687147977471
0722,Contrefactuel sans mesures,2021,6,120.77,117.43,2021-06-01,97.2344125196655,101.26,15.9687932056093
0722,Contrefactuel sans mesures,2021,7,120.77,119.86,2021-07-01,99.2465016146394,103.84,15.4275808936826
0722,Contrefactuel sans mesures,2021,8,120.77,119.71,2021-08-01,99.1222985840855,103.36,15.8184984520124
0722,Contrefactuel sans mesures,2021,9,120.77,120.55,2021-09-01,99.8178355551875,101.97,18.2210454055114
0722,Contrefactuel sans mesures,2021,10,120.77,126.51,2021-10-01,104.752835969198,101.84,24.2242733699922
0722,Contrefactuel sans mesures,2021,11,120.77,128.1,2021-11-01,106.069388093069,102.09,25.4775198354393
0722,Contrefactuel sans mesures,2021,12,120.77,125.71,2021-12-01,104.090419806243,104.88,19.8607932875667
0722,Contrefactuel sans mesures,2022,1,120.77,131.42,2022-01-01,108.81841516933,107.93,21.7641063652367
0722,Contrefactuel sans mesures,2022,2,120.77,138.15,2022-02-01,114.390991140184,111.53,23.868017573747
0722,Contrefactuel sans mesures,2022,3,120.77,157.27,2022-03-01,130.222737434793,115.02,36.7327421318032
0722,Contrefactuel sans mesures,2022,4,120.77,157.403371613668,2022-04-01,130.33317182551,115.03,36.8368004987119
0722,Contrefactuel sans mesures,2022,5,120.77,162.17277376164,2022-05-01,134.282333163567,115.88,39.9488900255784
0722,Contrefactuel sans mesures,2022,6,120.77,177.344663195334,2022-06-01,146.844964142861,117.43,51.0215985653868
0722,Contrefactuel sans mesures,2022,7,120.77,168.193491171829,2022-07-01,139.26760881993,119.86,40.3249550907971
0722,Contrefactuel sans mesures,2022,8,120.77,157.095447497888,2022-08-01,130.078204436439,119.71,31.2300121108411
0722,Contrefactuel sans mesures,2022,9,120.77,153.19468301943,2022-09-01,126.848292638429,120.55,27.0797868265703
0722,Contrefactuel sans mesures,2022,10,120.77,164.112336090725,2022-10-01,135.888329958371,126.51,29.7228172403166
0722,Contrefactuel sans mesures,2022,11,120.77,157.955710368136,2022-11-01,130.790519473492,128.1,23.3065654708321
0722,Contrefactuel sans mesures,2022,12,120.77,143.162433926536,2022-12-01,118.541387701032,125.71,13.8830911833078
0722,Contrefactuel sans mesures,2023,1,120.77,149.65,2023-01-01,123.913223482653,131.42,13.8715568406636
0722,Contrefactuel sans mesures,2023,2,120.77,148.66,2023-02-01,123.093483480997,138.15,7.60767281939925
0722,Contrefactuel sans mesures,2023,3,120.77,148.23,2023-03-01,122.737434793409,157.27,-5.74807655624087
0722,Contrefactuel sans mesures,2023,4,120.77,147.67,2023-04-01,122.273743479341,157.403371613668,-6.18371227622612
0722,Contrefactuel sans mesures,2023,5,120.77,140.18,2023-05-01,116.071872153681,162.17277376164,-13.5613230578179
0722,Contrefactuel sans mesures,2023,6,120.77,140.69,2023-06-01,116.494162457564,177.344663195334,-20.6686023333902
0722,Contrefactuel sans mesures,2023,7,120.77,140.63,2023-07-01,116.444481245342,168.193491171829,-16.3879654199401
0722,Contrefactuel sans mesures,2023,8,120.77,149.16,2023-08-01,123.507493582843,157.095447497888,-5.05135420808077
0722,Contrefactuel sans mesures,2023,9,120.77,153.56,2023-09-01,127.150782479093,153.19468301943,0.238465835347057
0722,Contrefactuel sans mesures,2023,10,120.77,150.08,2023-10-01,124.269272170241,164.112336090725,-8.55044564289619
0722,Contrefactuel sans mesures,2023,11,120.77,145.92,2023-11-01,120.824708122878,157.955710368136,-7.61967410996737
0722,Contrefactuel sans mesures,2023,12,120.77,141.74,2023-12-01,117.363583671442,143.162433926536,-0.993580429951424
0722,Contrefactuel sans mesures,2024,1,120.77,140.46,2024-01-01,116.303717810715,149.65,-6.14099565653191
0722,Contrefactuel sans mesures,2024,2,120.77,145.2,2024-02-01,120.228533576219,148.66,-2.32745863043192
0722,Contrefactuel sans mesures,2024,3,120.77,145.11,2024-03-01,120.154011757887,148.23,-2.1048370775147
0722,Contrefactuel sans mesures,2024,4,120.77,146.19,2024-04-01,121.048273577875,147.67,-1.00223471253473
0722,Contrefactuel sans mesures,2024,5,120.77,142.7,2024-05-01,118.158483066987,140.18,1.79768868597512
0722,Contrefactuel sans mesures,2024,6,120.77,140.01,2024-06-01,115.931108719053,140.69,-0.483332148695737
0722,Contrefactuel sans mesures,2024,7,120.77,140.7,2024-07-01,116.502442659601,140.63,0.0497760079641418
0722,Contrefactuel sans mesures,2024,8,120.77,136.78,2024-08-01,113.256603461124,149.16,-8.29981228211321
0722,Contrefactuel sans mesures,2024,9,120.77,132.01,2024-09-01,109.306947089509,153.56,-14.0336025006512
0722,Contrefactuel sans mesures,2024,10,120.77,133.06,2024-10-01,110.176368303387,150.08,-11.340618336887
0722,Contrefactuel sans mesures,2024,11,120.77,133.85,2024-11-01,110.830504264304,145.92,-8.27165570175438
0722,Contrefactuel sans mesures,2024,12,120.77,135.06,2024-12-01,111.832408710773,141.74,-4.71285452236488
0722,Contrefactuel sans mesures,2025,1,120.77,138.63,2025-01-01,114.788440837956,140.46,-1.30286202477576
0722,Contrefactuel sans mesures,2025,2,120.77,138.69,2025-02-01,114.838122050178,145.2,-4.48347107438012
0722,Contrefactuel sans mesures,2025,3,120.77,134.54,2025-03-01,111.401838204852,145.11,-7.28412928123494
0722,Contrefactuel sans mesures,2025,4,120.77,130.99,2025-04-01,108.462366481742,146.19,-10.3974280046515
0722,Contrefactuel sans mesures,2025,5,120.77,129.07,2025-05-01,106.872567690652,142.7,-9.55150665732302
0722,Contrefactuel sans mesures,2025,6,120.77,131.47,2025-06-01,108.859816179515,140.01,-6.0995643168345
0722,Contrefactuel sans mesures,2025,7,120.77,132.93,2025-07-01,110.068725676907,140.7,-5.52238805970144
0722,Contrefactuel sans mesures,2025,8,120.77,131.82,2025-08-01,109.149623250807,136.78,-3.62626114929082
0722,Contrefactuel sans mesures,2025,9,120.77,132.38,2025-09-01,109.613314564875,132.01,0.280281796833592
0722,Contrefactuel sans mesures,2025,10,120.77,131.65,2025-10-01,109.00885981618,133.06,-1.0596723282729
0722,Contrefactuel sans mesures,2025,11,120.77,135.15,2025-11-01,111.906930529105,133.85,0.971236458722458
0722,Contrefactuel sans mesures,2025,12,120.77,131.09,2025-12-01,108.545168502111,135.06,-2.93943432548499
0722,Contrefactuel sans mesures,2026,1,120.77,133.03,2026-01-01,110.151527697276,138.63,-4.03952968332972
0722,Contrefactuel sans mesures,2026,2,120.77,135.35,2026-02-01,112.072534569844,138.69,-2.40824861201242
0722,Contrefactuel sans mesures,2026,3,120.77,156.6,2026-03-01,129.667963898319,134.54,16.3966106734057
0722,Contrefactuel sans mesures,2026,4,120.77,169.35,2026-04-01,140.225221495404,130.99,29.2846782197114
0722,Contrefactuel sans mesures,2026,5,120.77,166.72,2026-05-01,138.047528359692,129.07,29.1702177113194
0722,Contrefactuel sans mesures,2026,6,120.77,155.75,2026-06-01,128.96414672518,131.47,18.4680915798281
0722,Observe,2020,1,120.77,120.77,2020-01-01,100,,
0722,Observe,2020,2,120.77,116.21,2020-02-01,96.2242278711601,,
0722,Observe,2020,3,120.77,108.61,2020-03-01,89.9312743230935,,
0722,Observe,2020,4,120.77,100.96,2020-04-01,83.5969197648423,,
0722,Observe,2020,5,120.77,97.65,2020-05-01,80.8561728906186,,
0722,Observe,2020,6,120.77,101.26,2020-06-01,83.8453258259502,,
0722,Observe,2020,7,120.77,103.84,2020-07-01,85.981617951478,,
0722,Observe,2020,8,120.77,103.36,2020-08-01,85.5841682537054,,
0722,Observe,2020,9,120.77,101.97,2020-09-01,84.4332201705722,,
0722,Observe,2020,10,120.77,101.84,2020-10-01,84.3255775440921,,
0722,Observe,2020,11,120.77,102.09,2020-11-01,84.5325825950153,,
0722,Observe,2020,12,120.77,104.88,2020-12-01,86.8427589633187,,
0722,Observe,2021,1,120.77,107.93,2021-01-01,89.3682205845823,120.77,-10.6317794154177
0722,Observe,2021,2,120.77,111.53,2021-02-01,92.349093317877,116.21,-4.02719215213836
0722,Observe,2021,3,120.77,115.02,2021-03-01,95.2388838287654,108.61,5.90185065831874
0722,Observe,2021,4,120.77,115.03,2021-04-01,95.2471640308024,100.96,13.9362123613312
0722,Observe,2021,5,120.77,115.88,2021-05-01,95.9509812039414,97.65,18.6687147977471
0722,Observe,2021,6,120.77,117.43,2021-06-01,97.2344125196655,101.26,15.9687932056093
0722,Observe,2021,7,120.77,119.86,2021-07-01,99.2465016146394,103.84,15.4275808936826
0722,Observe,2021,8,120.77,119.71,2021-08-01,99.1222985840855,103.36,15.8184984520124
0722,Observe,2021,9,120.77,120.55,2021-09-01,99.8178355551876,101.97,18.2210454055114
0722,Observe,2021,10,120.77,126.51,2021-10-01,104.752835969198,101.84,24.2242733699922
0722,Observe,2021,11,120.77,128.1,2021-11-01,106.069388093069,102.09,25.4775198354393
0722,Observe,2021,12,120.77,125.71,2021-12-01,104.090419806243,104.88,19.8607932875667
0722,Observe,2022,1,120.77,131.42,2022-01-01,108.81841516933,107.93,21.7641063652367
0722,Observe,2022,2,120.77,138.15,2022-02-01,114.390991140184,111.53,23.868017573747
0722,Observe,2022,3,120.77,157.27,2022-03-01,130.222737434793,115.02,36.7327421318032
0722,Observe,2022,4,120.77,145.07,2022-04-01,120.120890949739,115.03,26.1149265409024
0722,Observe,2022,5,120.77,150.16,2022-05-01,124.335513786536,115.88,29.5823265447014
0722,Observe,2022,6,120.77,164.73,2022-06-01,136.399768154343,117.43,40.2793153367964
0722,Observe,2022,7,120.77,157.55,2022-07-01,130.454583091827,119.86,31.4450191890539
0722,Observe,2022,8,120.77,145.79,2022-08-01,120.717065496398,119.71,21.7859827917467
0722,Observe,2022,9,120.77,132.04,2022-09-01,109.33178769562,120.55,9.53131480713396
0722,Observe,2022,10,120.77,140.94,2022-10-01,116.701167508487,126.51,11.4062129475931
0722,Observe,2022,11,120.77,143.3,2022-11-01,118.655295189203,128.1,11.8657298985168
0722,Observe,2022,12,120.77,138.31,2022-12-01,114.523474372775,125.71,10.0230689682603
0722,Observe,2023,1,120.77,149.65,2023-01-01,123.913223482653,131.42,13.8715568406635
0722,Observe,2023,2,120.77,148.66,2023-02-01,123.093483480997,138.15,7.6076728193992
0722,Observe,2023,3,120.77,148.23,2023-03-01,122.737434793409,157.27,-5.74807655624088
0722,Observe,2023,4,120.77,147.67,2023-04-01,122.273743479341,145.07,1.79223822982009
0722,Observe,2023,5,120.77,140.18,2023-05-01,116.071872153681,150.16,-6.64624400639318
0722,Observe,2023,6,120.77,140.69,2023-06-01,116.494162457564,164.73,-14.5935773690281
0722,Observe,2023,7,120.77,140.63,2023-07-01,116.444481245342,157.55,-10.739447794351
0722,Observe,2023,8,120.77,149.16,2023-08-01,123.507493582843,145.79,2.31154400164622
0722,Observe,2023,9,120.77,153.56,2023-09-01,127.150782479093,132.04,16.2980914874281
0722,Observe,2023,10,120.77,150.08,2023-10-01,124.269272170241,140.94,6.48502909039308
0722,Observe,2023,11,120.77,145.92,2023-11-01,120.824708122878,143.3,1.82833217027214
0722,Observe,2023,12,120.77,141.74,2023-12-01,117.363583671442,138.31,2.47993637481021
0722,Observe,2024,1,120.77,140.46,2024-01-01,116.303717810715,149.65,-6.14099565653191
0722,Observe,2024,2,120.77,145.2,2024-02-01,120.228533576219,148.66,-2.32745863043187
0722,Observe,2024,3,120.77,145.11,2024-03-01,120.154011757887,148.23,-2.10483707751465
0722,Observe,2024,4,120.77,146.19,2024-04-01,121.048273577875,147.67,-1.0022347125347
0722,Observe,2024,5,120.77,142.7,2024-05-01,118.158483066987,140.18,1.79768868597516
0722,Observe,2024,6,120.77,140.01,2024-06-01,115.931108719053,140.69,-0.483332148695714
0722,Observe,2024,7,120.77,140.7,2024-07-01,116.502442659601,140.63,0.049776007964164
0722,Observe,2024,8,120.77,136.78,2024-08-01,113.256603461124,149.16,-8.29981228211316
0722,Observe,2024,9,120.77,132.01,2024-09-01,109.306947089509,153.56,-14.0336025006512
0722,Observe,2024,10,120.77,133.06,2024-10-01,110.176368303387,150.08,-11.340618336887
0722,Observe,2024,11,120.77,133.85,2024-11-01,110.830504264304,145.92,-8.27165570175438
0722,Observe,2024,12,120.77,135.06,2024-12-01,111.832408710773,141.74,-4.7128545223649
0722,Observe,2025,1,120.77,138.63,2025-01-01,114.788440837956,140.46,-1.30286202477574
0722,Observe,2025,2,120.77,138.69,2025-02-01,114.838122050178,145.2,-4.48347107438016
0722,Observe,2025,3,120.77,134.54,2025-03-01,111.401838204852,145.11,-7.28412928123494
0722,Observe,2025,4,120.77,130.99,2025-04-01,108.462366481742,146.19,-10.3974280046515
0722,Observe,2025,5,120.77,129.07,2025-05-01,106.872567690652,142.7,-9.55150665732305
0722,Observe,2025,6,120.77,131.47,2025-06-01,108.859816179515,140.01,-6.0995643168345
0722,Observe,2025,7,120.77,132.93,2025-07-01,110.068725676907,140.7,-5.52238805970148
0722,Observe,2025,8,120.77,131.82,2025-08-01,109.149623250807,136.78,-3.62626114929083
0722,Observe,2025,9,120.77,132.38,2025-09-01,109.613314564875,132.01,0.28028179683357
0722,Observe,2025,10,120.77,131.65,2025-10-01,109.00885981618,133.06,-1.05967232827295
0722,Observe,2025,11,120.77,135.15,2025-11-01,111.906930529105,133.85,0.971236458722458
0722,Observe,2025,12,120.77,131.09,2025-12-01,108.545168502111,135.06,-2.93943432548497
0722,Observe,2026,1,120.77,133.03,2026-01-01,110.151527697276,138.63,-4.03952968332972
0722,Observe,2026,2,120.77,135.35,2026-02-01,112.072534569844,138.69,-2.40824861201241
0722,Observe,2026,3,120.77,156.6,2026-03-01,129.667963898319,134.54,16.3966106734057
0722,Observe,2026,4,120.77,169.35,2026-04-01,140.225221495405,130.99,29.2846782197114
0722,Observe,2026,5,120.77,166.72,2026-05-01,138.047528359692,129.07,29.1702177113194
0722,Observe,2026,6,120.77,155.75,2026-06-01,128.96414672518,131.47,18.4680915798281
