income_quintile,ym,monthly_inflation,price_index
1,200201,0,100
1,200202,.0028102361,100.28102
1,200203,.0026454835,100.54632
1,200204,.0024589547,100.79355
1,200205,-.000061595012,100.78735
1,200206,.0013850881,100.92695
1,200207,.00058328116,100.98581
1,200208,.0037376797,101.36327
1,200209,.0046942015,101.83909
1,200210,.00036300483,101.87605
1,200211,-.000015831421,101.87444
1,200212,-.00081048778,101.79187
1,200301,.0014798385,101.94251
1,200302,.0044814711,102.39936
1,200303,.0050595314,102.91745
1,200304,-.00066125003,102.8494
1,200305,.00081886549,102.93362
1,200306,.001948845,103.13422
1,200307,.00046143247,103.18181
1,200308,.0028486515,103.47574
1,200309,.0024250813,103.72668
1,200310,.0001412767,103.74133
1,200311,-.00050514535,103.68893
1,200312,-.00059933524,103.62679
1,200401,.0019387098,103.82768
1,200402,.0036128093,104.20279
1,200403,.0023668902,104.44942
1,200404,.0019411307,104.65218
1,200405,.0033871187,105.00665
1,200406,.003126235,105.33492
1,200407,.00054375647,105.3922
1,200408,.0023063633,105.63527
1,200409,.0042200075,106.08106
1,200410,.001721928,106.26372
1,200411,.0017396291,106.44858
1,200412,-.0012447082,106.31608
1,200501,.0016786265,106.49454
1,200502,.0027594308,106.78841
1,200503,.0035399317,107.16644
1,200504,.0036173118,107.55409
1,200505,.0021498038,107.78531
1,200506,.0015882853,107.9565
1,200507,.0013817069,108.10567
1,200508,.0032972444,108.46212
1,200509,.0063082306,109.14632
1,200510,.0026430136,109.4348
1,200511,.0015453667,109.60391
1,200512,-.0013872326,109.45187
1,200601,.0049875472,109.99776
1,200602,.000756066,110.08093
1,200603,.0026566468,110.37337
1,200604,.0017707159,110.56882
1,200605,.0025457221,110.85029
1,200606,.0038125769,111.27292
1,200607,.00088322459,111.37119
1,200608,.003087162,111.71502
1,200609,.0040036286,112.16228
1,200610,-.00056737743,112.09865
1,200611,-.00024798437,112.07085
1,200612,.00094084832,112.17629
1,200701,.0034655451,112.56504
1,200702,.0040393411,113.01973
1,200703,.003423084,113.40661
1,200704,.0016275273,113.59118
1,200705,.0023007302,113.85252
1,200706,.0028883084,114.18137
1,200707,.00076185499,114.26835
1,200708,.0021779602,114.51722
1,200709,.0038678937,114.96016
1,200710,.0021806217,115.21085
1,200711,.0018542014,115.42447
1,200712,.00056785147,115.49001
1,200801,.0039402554,115.94508
1,200802,.0030293709,116.29632
1,200803,.0047709299,116.85116
1,200804,.0042855451,117.35194
1,200805,.0034624017,117.75825
1,200806,.0054481397,118.39982
1,200807,.004940033,118.98471
1,200808,.0030604135,119.34885
1,200809,.0020291375,119.59103
1,200810,-.00077971333,119.49778
1,200811,-.0016143814,119.30487
1,200812,-.0026981037,118.98297
1,200901,.0015979834,119.1731
1,200902,.0011002481,119.30422
1,200903,.0020174189,119.54491
1,200904,.00067137671,119.62518
1,200905,-.0001033728,119.6128
1,200906,.0024388796,119.90453
1,200907,-.00081764185,119.80648
1,200908,.00260857,120.11901
1,200909,.0027978371,120.45509
1,200910,.0007144445,120.54114
1,200911,.00054745137,120.60713
1,200912,-.0015135501,120.42458
1,201001,.0041686781,120.9266
1,201002,-.00020220145,120.90215
1,201003,.0036489877,121.34332
1,201004,.0013452409,121.50655
1,201005,.00084882404,121.60969
1,201006,-.00028194112,121.5754
1,201007,.00051319023,121.63779
1,201008,.0022349718,121.90965
1,201009,.0019157967,122.14321
1,201010,.00071539596,122.23059
1,201011,.00029967926,122.26721
1,201012,.0019537932,122.5061
1,201101,.00525423,123.14977
1,201102,.0046088207,123.71735
1,201103,.0096322764,124.90903
1,201104,.0055326116,125.60011
1,201105,.0041876226,126.12607
1,201106,-.00039446936,126.07632
1,201107,.0012715958,126.23664
1,201108,.0044941986,126.80396
1,201109,.0028962453,127.17123
1,201110,-.0019983423,126.91709
1,201111,-.001000657,126.79009
1,201112,-.0027382725,126.4429
1,201201,.0042644069,126.98211
1,201202,.0034315542,127.41785
1,201203,.0063352226,128.22508
1,201204,.0024487511,128.53908
1,201205,-.0010753996,128.40083
1,201206,-.00078895228,128.29953
1,201207,-.0012992164,128.13284
1,201208,.0054482156,128.83095
1,201209,.0038464002,129.32648
1,201210,-.00029285043,129.2886
1,201211,-.0042399727,128.74042
1,201212,-.0027901486,128.38123
1,201301,.0035238226,128.83362
1,201302,.0072318106,129.7653
1,201303,.0021117451,130.03934
1,201304,-.00097716611,129.91228
1,201305,.0017174167,130.13539
1,201306,.0025221519,130.46361
1,201307,.00062245439,130.54482
1,201308,.0028032863,130.91077
1,201309,.0016297431,131.12411
1,201310,-.0031005074,130.71756
1,201311,-.0019177166,130.46689
1,201312,.00063365721,130.54956
1,201401,.0044303932,131.12794
1,201402,.0031927247,131.5466
1,201403,.0066567529,132.42227
1,201404,.0026455228,132.7726
1,201405,.0037241648,133.26707
1,201406,.0023940513,133.58612
1,201407,.00060304446,133.66667
1,201408,-.00057012448,133.59047
1,201409,.00091980892,133.71335
1,201410,-.0029149603,133.32358
1,201411,-.0053161927,132.61481
1,201412,-.0055055772,131.88467
1,201501,-.0050751683,131.21535
1,201502,.0042960104,131.77905
1,201503,.0058010337,132.5435
1,201504,.0017401777,132.77415
1,201505,.0044625886,133.36667
1,201506,.0033913201,133.81895
1,201507,.00046970649,133.88182
1,201508,-.0013037428,133.70726
1,201509,-.0012044155,133.54622
1,201510,-.00044232051,133.48717
1,201511,-.0019615572,133.22531
1,201512,-.0034522961,132.76538
1,201601,.00061490264,132.84702
1,201602,.00013283806,132.86467
1,201603,.004704392,133.48972
1,201604,.005255321,134.19124
1,201605,.0040729116,134.73779
1,201606,.0035709345,135.21893
1,201607,-.0019115828,134.96045
1,201608,.00093244493,135.0863
1,201609,.0027091315,135.45226
1,201610,.00081220618,135.56227
1,201611,-.0014522021,135.3654
1,201612,.00017105028,135.38858
1,201701,.0052954177,136.1055
1,201702,.0026330943,136.46388
1,201703,.0014337237,136.65953
1,201704,.0032488427,137.10352
1,201705,.0011203986,137.25713
1,201706,.001363134,137.44424
1,201707,-.000733505,137.34341
1,201708,.0032467945,137.78935
1,201709,.0053715659,138.52948
1,201710,-.0010599004,138.38266
1,201711,-.00006281602,138.37396
1,201712,-.00049340102,138.30569
1,201801,.0053312303,139.04303
1,201802,.003378738,139.51283
1,201803,.0015613354,139.73065
1,201804,.0034110846,140.20728
1,201805,.0033618859,140.67863
1,201806,.0022158979,140.99037
1,201807,.00031646428,141.03499
1,201808,.0009723223,141.17212
1,201809,.00047306443,141.23889
1,201810,.0014245035,141.44011
1,201811,-.002639638,141.06674
1,201812,-.0029979674,140.64383
1,201901,.0017096481,140.88428
1,201902,.003528845,141.38145
1,201903,.0044309604,142.0079
1,201904,.0042176237,142.60683
1,201905,.0017952626,142.86285
1,201906,.00060260284,142.94894
1,201907,.001533717,143.16818
1,201908,.00070197729,143.26869
1,201909,.00014301269,143.28917
1,201910,.0009537313,143.42584
1,201911,-.00053942058,143.34846
1,201912,-.0010713171,143.1949
1,202001,.0039174394,143.75586
1,202002,.0020743902,144.05406
1,202003,-.0010043436,143.90938
1,202004,-.003841585,143.35654
1,202005,-.00074351102,143.24995
1,202006,.0054633366,144.03258
1,202007,.0072106943,145.07115
1,202008,.0050112871,145.79814
1,202009,.00025090316,145.83472
1,202010,-.00054485904,145.75526
1,202011,-.001980863,145.46655
1,202012,.0013025856,145.65602
1,202101,.0052047754,146.41412
1,202102,.0054266374,147.20866
1,202103,.0060710451,148.10239
1,202104,.0081851892,149.31462
1,202105,.0071772733,150.38629
1,202106,.006234203,151.32384
1,202107,.0041886941,151.95769
1,202108,.003444996,152.48117
1,202109,.0034774018,153.01141
1,202110,.0076051312,154.17509
1,202111,.0044456981,154.8605
1,202112,.0021269221,155.18988
1,202201,.0081425095,156.45352
1,202202,.0084424661,157.77437
1,202203,.013294456,159.87189
1,202204,.004925515,160.65935
1,202205,.010315007,162.31654
1,202206,.01239788,164.32892
1,202207,.0013033797,164.54311
1,202208,.0010867118,164.72192
1,202209,.003673228,165.32698
1,202210,.0048989607,166.13692
1,202211,.00044108558,166.21021
1,202212,-.0017401376,165.92096
1,202301,.0087933382,167.37996
1,202302,.004398122,168.11612
1,202303,.0022286398,168.49078
1,202304,.0048070857,169.30075
1,202305,.0025747896,169.73665
1,202306,.003747758,170.37279
1,202307,.0020230468,170.71747
1,202308,.00514655,171.59607
1,202309,.0021174049,171.95941
1,202310,.00019845116,171.99355
1,202311,-.0019358519,171.66058
1,202312,-.00033202826,171.60359
1,202401,.0058708456,172.61104
1,202402,.0053360239,173.5321
1,202403,.0058033206,174.53917
1,202404,.0033305988,175.12047
1,202405,.0019410264,175.46039
1,202406,.0011845486,175.66824
1,202407,.0010925542,175.86017
1,202408,.0010211489,176.03973
1,202409,.0023327044,176.45039
1,202410,.00093620154,176.61559
1,202411,-.00099357089,176.44011
1,202412,-.0012093405,176.22673
1,202501,.0068690567,177.43724
1,202502,.0041289758,178.16988
1,202503,.0024021883,178.59787
1,202504,.0026971332,179.07957
1,202505,.001983495,179.43478
1,202506,.0039256318,180.13916
1,202507,.0015847938,180.42465
1,202508,.0030432048,180.97372
1,202509,.0025194702,181.42967
1,202510,-.0011707393,181.21729
1,202511,-.00039637843,181.14545
1,202512,.000028187736,181.15056
1,202601,.0036046857,181.80354
1,202602,.0041558659,182.55908
1,202603,.0094330525,184.28119
1,202604,.007314187,185.62906
1,202605,.0051014288,186.57602
2,200201,0,100
2,200202,.0028306898,100.28307
2,200203,.0022807759,100.5118
2,200204,.0025818055,100.77129
2,200205,.00026567606,100.79807
2,200206,.0022194206,101.02178
2,200207,.00094366341,101.11711
2,200208,.0025175672,101.37168
2,200209,.0031198885,101.68795
2,200210,.00068559765,101.75767
2,200211,.000059849343,101.76376
2,200212,-.00042930112,101.72007
2,200301,.0018706692,101.91035
2,200302,.0043707667,102.35578
2,200303,.0048945206,102.85677
2,200304,-.00050557056,102.80476
2,200305,.00042251754,102.8482
2,200306,.0015812574,103.01083
2,200307,.00055548071,103.06805
2,200308,.0014878889,103.22141
2,200309,.0018147673,103.40873
2,200310,.00031996812,103.44181
2,200311,-.00069333933,103.37009
2,200312,-.00018109355,103.35137
2,200401,.0020729327,103.56561
2,200402,.0041712797,103.99762
2,200403,.0025535307,104.26317
2,200404,.0021019208,104.48233
2,200405,.0028840404,104.78366
2,200406,.002808965,105.07799
2,200407,.00060002791,105.14104
2,200408,.0015715404,105.30627
2,200409,.0029460902,105.61652
2,200410,.0019035096,105.81756
2,200411,.0016026957,105.98715
2,200412,-.00076880312,105.90566
2,200501,.0023542568,106.155
2,200502,.002863535,106.45898
2,200503,.0037560312,106.85884
2,200504,.0035862257,107.24206
2,200505,.0016991268,107.42428
2,200506,.001030996,107.53503
2,200507,.00085974211,107.62749
2,200508,.0021070302,107.85426
2,200509,.0060426244,108.50598
2,200510,.0031009892,108.84245
2,200511,.0011056337,108.9628
2,200512,-.0017667675,108.77029
2,200601,.0046490878,109.27597
2,200602,.00087168341,109.37122
2,200603,.003277421,109.72968
2,200604,.0016310745,109.90865
2,200605,.0021965357,110.15007
2,200606,.0031920809,110.50168
2,200607,.00086172007,110.59691
2,200608,.0027124286,110.89689
2,200609,.0033706068,111.27068
2,200610,-.00061809941,111.2019
2,200611,-.00077610766,111.1156
2,200612,.000043844862,111.12047
2,200701,.0029006992,111.44279
2,200702,.0043112445,111.92326
2,200703,.0032775477,112.29009
2,200704,.0015284711,112.46172
2,200705,.0022358526,112.71317
2,200706,.0030125382,113.05272
2,200707,.00091522536,113.15619
2,200708,.0016806411,113.34636
2,200709,.003791559,113.77612
2,200710,.0020849404,114.01334
2,200711,.0019695549,114.23789
2,200712,.0004617715,114.29065
2,200801,.0039847381,114.74606
2,200802,.003078379,115.0993
2,200803,.0044796113,115.6149
2,200804,.0044616391,116.13072
2,200805,.0032717797,116.51069
2,200806,.0049531963,117.08778
2,200807,.0046744249,117.6351
2,200808,.0019105079,117.85985
2,200809,.0010444565,117.98294
2,200810,-.0010412718,117.86009
2,200811,-.0025169344,117.56345
2,200812,-.002740232,117.24129
2,200901,.0017822942,117.45026
2,200902,.0013676117,117.61088
2,200903,.0014126,117.77702
2,200904,.00078359724,117.86931
2,200905,-.000078664547,117.86003
2,200906,.0020123897,118.09721
2,200907,-.00096209149,117.98359
2,200908,.0016449848,118.17768
2,200909,.0021618544,118.43316
2,200910,.0010704646,118.55994
2,200911,.0011189824,118.6926
2,200912,-.0011770598,118.55289
2,201001,.0043706084,119.07104
2,201002,-.000051430507,119.06493
2,201003,.0041613374,119.56039
2,201004,.0015288133,119.74317
2,201005,.00062402274,119.81789
2,201006,-.0010260167,119.69496
2,201007,.00028829047,119.72947
2,201008,.0013709294,119.89361
2,201009,.00085719553,119.99638
2,201010,.0011370938,120.13283
2,201011,.00030469184,120.16943
2,201012,.0016844439,120.37185
2,201101,.0051401244,120.99057
2,201102,.0048410161,121.5763
2,201103,.010137293,122.80875
2,201104,.0066153375,123.62117
2,201105,.0044352943,124.16946
2,201106,-.00097649335,124.04822
2,201107,.001305851,124.21021
2,201108,.0028245617,124.56105
2,201109,.0024195232,124.86242
2,201110,-.0019529734,124.61857
2,201111,-.0011458206,124.47578
2,201112,-.0031000306,124.0899
2,201201,.0047380147,124.67784
2,201202,.0042284611,125.20504
2,201203,.0073873946,126.12997
2,201204,.0026716487,126.46695
2,201205,-.0013117809,126.30106
2,201206,-.001652994,126.09227
2,201207,-.0019710613,125.84374
2,201208,.0056627025,126.55636
2,201209,.0040701036,127.07146
2,201210,-.0007988112,126.96995
2,201211,-.0052062594,126.30891
2,201212,-.003268799,125.89603
2,201301,.0030465524,126.27958
2,201302,.0084131286,127.34199
2,201303,.0028395762,127.70358
2,201304,-.0010051761,127.57522
2,201305,.0016280268,127.78292
2,201306,.0027362264,128.13257
2,201307,.00063277863,128.21364
2,201308,.0013491318,128.38661
2,201309,.00057651586,128.46063
2,201310,-.0032990295,128.03683
2,201311,-.0022937129,127.74316
2,201312,.00013721033,127.76068
2,201401,.0045520901,128.34225
2,201402,.0038408616,128.83521
2,201403,.0065278076,129.67622
2,201404,.0031643277,130.08655
2,201405,.0036150797,130.55682
2,201406,.0021347287,130.83553
2,201407,-.00013206936,130.81825
2,201408,-.0017950608,130.58342
2,201409,.00094284542,130.70654
2,201410,-.002745308,130.34772
2,201411,-.0060914839,129.55371
2,201412,-.0066650175,128.69023
2,201501,-.0066450783,127.83508
2,201502,.0044455058,128.40337
2,201503,.0060589663,129.18135
2,201504,.0019993412,129.43964
2,201505,.0053979061,130.13834
2,201506,.0033669658,130.57651
2,201507,-.00005268434,130.56963
2,201508,-.002049312,130.30205
2,201509,-.0024759225,129.97943
2,201510,-.00068651902,129.8902
2,201511,-.0026905511,129.54073
2,201512,-.0041010873,129.00946
2,201601,.0011188954,129.15382
2,201602,-.00087445625,129.04088
2,201603,.0054121492,129.73926
2,201604,.0054312493,130.44391
2,201605,.0043222373,131.00772
2,201606,.0033615753,131.4481
2,201607,-.0022247809,131.15567
2,201608,.00048441414,131.21919
2,201609,.0023079349,131.52205
2,201610,.00088818168,131.63885
2,201611,-.0019040251,131.38821
2,201612,-.00021126382,131.36046
2,201701,.0060906569,132.16052
2,201702,.0028212625,132.53339
2,201703,.0015000476,132.73221
2,201704,.0034082115,133.18459
2,201705,.0004634776,133.24631
2,201706,.00090191443,133.36649
2,201707,-.00084010157,133.25444
2,201708,.0032608234,133.68896
2,201709,.0056912689,134.44981
2,201710,-.0010932923,134.30283
2,201711,.00013946272,134.32155
2,201712,-.00073931331,134.22224
2,201801,.0055778436,134.97092
2,201802,.0042836545,135.54909
2,201803,.0017717837,135.78925
2,201804,.0041348785,136.35072
2,201805,.0036937268,136.85437
2,201806,.0016647592,137.0822
2,201807,.000413445,137.13887
2,201808,.00030672154,137.18094
2,201809,.00086743961,137.29993
2,201810,.0015193525,137.50854
2,201811,-.0027219709,137.13425
2,201812,-.0032773295,136.68481
2,201901,.0011598062,136.84334
2,201902,.0032814399,137.29239
2,201903,.0051725744,138.00255
2,201904,.004872018,138.6749
2,201905,.0014926726,138.88188
2,201906,.00024815262,138.91635
2,201907,.0015203229,139.12753
2,201908,-.00023902688,139.09428
2,201909,.00081952236,139.20828
2,201910,.0014211717,139.40611
2,201911,-.0010607707,139.25824
2,201912,-.0013161295,139.07495
2,202001,.0037462953,139.59598
2,202002,.0019736681,139.87149
2,202003,-.001933457,139.60106
2,202004,-.0059446045,138.77119
2,202005,-.00083110086,138.65585
2,202006,.0063445666,139.53555
2,202007,.0069979611,140.51202
2,202008,.0035927696,141.01686
2,202009,.0010829265,141.16957
2,202010,-.00030720525,141.12621
2,202011,-.0019381107,140.85268
2,202012,.0011969929,141.02129
2,202101,.005188542,141.75298
2,202102,.0058553345,142.58299
2,202103,.0069081378,143.56798
2,202104,.0077245734,144.67697
2,202105,.0077126701,145.79282
2,202106,.0095950309,147.19171
2,202107,.0051891166,147.95551
2,202108,.0026567292,148.34857
2,202109,.0024902611,148.718
2,202110,.0077212239,149.86629
2,202111,.0042280913,150.49992
2,202112,.003490539,151.02527
2,202201,.0082430365,152.27017
2,202202,.0090142451,153.64278
2,202203,.0150222,155.95082
2,202204,.0048901197,156.71344
2,202205,.010838213,158.41193
2,202206,.013193755,160.50198
2,202207,.000080751328,160.51495
2,202208,-.00082850136,160.38196
2,202209,.0019376827,160.69272
2,202210,.0044368766,161.4057
2,202211,-.00056855445,161.31393
2,202212,-.0026373588,160.88847
2,202301,.0085851355,162.26974
2,202302,.0046082996,163.01752
2,202303,.0025405737,163.43169
2,202304,.0060139555,164.41455
2,202305,.0027582976,164.86806
2,202306,.0037622361,165.48833
2,202307,.0018169981,165.78903
2,202308,.0055188867,166.70399
2,202309,.0023300073,167.09242
2,202310,-.0001517552,167.06705
2,202311,-.0027720754,166.60393
2,202312,-.00061612471,166.50128
2,202401,.004185304,167.19815
2,202402,.0058803414,168.18132
2,202403,.0060232845,169.19434
2,202404,.0037446236,169.82791
2,202405,.0015828367,170.09671
2,202406,.00046632136,170.17603
2,202407,.00092406454,170.33328
2,202408,.00047773452,170.41466
2,202409,.0013778841,170.64946
2,202410,.0010398659,170.82692
2,202411,-.001275484,170.60902
2,202412,-.00077529589,170.47676
2,202501,.0068377736,171.64246
2,202502,.0041492842,172.35464
2,202503,.0023265174,172.75563
2,202504,.0029801205,173.27045
2,202505,.0020036285,173.61761
2,202506,.0038864301,174.29237
2,202507,.0015529583,174.56303
2,202508,.0028814992,175.06604
2,202509,.0023245658,175.47301
2,202510,-.0014489464,175.21875
2,202511,-.00046332765,175.13756
2,202512,-.0003953875,175.06831
2,202601,.0027504424,175.54984
2,202602,.004160766,176.28026
2,202603,.010574236,178.14429
2,202604,.0078651961,179.54543
2,202605,.0058130235,180.58913
3,200201,0,100
3,200202,.0015560613,100.1556
3,200203,.0020151581,100.35744
3,200204,.0024710109,100.60542
3,200205,-.000019469629,100.60346
3,200206,.0013256619,100.73683
3,200207,.0010351252,100.8411
3,200208,.0022666403,101.06967
3,200209,.0030596745,101.37891
3,200210,.00093432312,101.47363
3,200211,.0001176309,101.48557
3,200212,-.00073990517,101.41048
3,200301,.0012378189,101.536
3,200302,.0038857397,101.93055
3,200303,.0042624641,102.36503
3,200304,-.00061514741,102.30206
3,200305,.000033412722,102.30547
3,200306,.0011884535,102.42706
3,200307,.000081524224,102.4354
3,200308,.00098140712,102.53594
3,200309,.0015975897,102.69975
3,200310,-.0004347607,102.6551
3,200311,-.0019738255,102.45248
3,200312,-.00087863306,102.36246
3,200401,.002136233,102.58113
3,200402,.0033665618,102.92648
3,200403,.0026044014,103.19453
3,200404,.001929027,103.3936
3,200405,.0026021905,103.66265
3,200406,.0023733792,103.90868
3,200407,.000039406012,103.91277
3,200408,.0012826646,104.04607
3,200409,.0035321964,104.41357
3,200410,.0021562297,104.63871
3,200411,.0018057814,104.82767
3,200412,-.0014344843,104.67729
3,200501,.0021686382,104.9043
3,200502,.0022609709,105.14149
3,200503,.0028523484,105.44139
3,200504,.0032426645,105.78329
3,200505,.0014043667,105.93185
3,200506,.0010849388,106.04679
3,200507,.00084460177,106.13635
3,200508,.0020203106,106.35078
3,200509,.0053399531,106.91869
3,200510,.0027172142,107.20921
3,200511,.001120479,107.32934
3,200512,-.0019171977,107.12356
3,200601,.0042645019,107.58039
3,200602,.0011191017,107.70078
3,200603,.0034798463,108.07557
3,200604,.0020195725,108.29383
3,200605,.0022919315,108.54203
3,200606,.0029717428,108.86459
3,200607,.00093730807,108.96664
3,200608,.0023150591,109.21889
3,200609,.00278602,109.52319
3,200610,-.00087830587,109.42699
3,200611,-.0013300556,109.28144
3,200612,-.00037874142,109.24006
3,200701,.0025735905,109.52119
3,200702,.0039695818,109.95595
3,200703,.0029676561,110.28226
3,200704,.0014047745,110.43719
3,200705,.0016059135,110.61454
3,200706,.0020284941,110.83891
3,200707,.00023172687,110.8646
3,200708,.0018222346,111.06663
3,200709,.0040280577,111.51401
3,200710,.00200747,111.73786
3,200711,.0019422122,111.95489
3,200712,.00015492344,111.97223
3,200801,.0040657395,112.42748
3,200802,.0030656403,112.77214
3,200803,.0046901186,113.30106
3,200804,.0040796241,113.76328
3,200805,.0034169096,114.152
3,200806,.0046273284,114.68021
3,200807,.0045957286,115.20726
3,200808,.0015088536,115.38109
3,200809,.0017412535,115.582
3,200810,-.00092404359,115.4752
3,200811,-.0029277639,115.13711
3,200812,-.0028633217,114.80743
3,200901,.0018546886,115.02037
3,200902,.0015258676,115.19588
3,200903,.00098228909,115.30903
3,200904,.00073651248,115.39396
3,200905,-.000014288978,115.39231
3,200906,.0019574086,115.61817
3,200907,-.00068356137,115.53915
3,200908,.0016917491,115.73461
3,200909,.0024392358,116.01691
3,200910,.00079606217,116.10927
3,200911,.0008434272,116.20719
3,200912,-.001843953,115.99292
3,201001,.0042590187,116.48693
3,201002,-.00025494717,116.45723
3,201003,.0039484208,116.91706
3,201004,.0019491038,117.14494
3,201005,.0008378948,117.2431
3,201006,-.00099823088,117.12606
3,201007,.00025333991,117.15573
3,201008,.0011955848,117.2958
3,201009,.00016013518,117.31458
3,201010,.0012285636,117.45872
3,201011,.00042644219,117.5088
3,201012,.0015004111,117.68511
3,201101,.0056360159,118.34839
3,201102,.0050681829,118.9482
3,201103,.010771235,120.22942
3,201104,.007027823,121.07437
3,201105,.0049616504,121.67509
3,201106,-.0014408526,121.49978
3,201107,.00057510921,121.56966
3,201108,.0023324841,121.85323
3,201109,.0018630944,122.08025
3,201110,-.0026081982,121.76184
3,201111,-.0012788544,121.60612
3,201112,-.0034760518,121.18341
3,201201,.0050076866,121.79026
3,201202,.004684933,122.36084
3,201203,.0075962786,123.29033
3,201204,.002748478,123.62919
3,201205,-.0012878228,123.46997
3,201206,-.0015522884,123.27831
3,201207,-.0019949845,123.03238
3,201208,.0058848662,123.7564
3,201209,.0041256971,124.26698
3,201210,-.0012151755,124.11597
3,201211,-.005596241,123.42139
3,201212,-.0035229614,122.98659
3,201301,.0027915295,123.3299
3,201302,.0091902465,124.46334
3,201303,.0027627698,124.80721
3,201304,-.0010338976,124.67817
3,201305,.0017899608,124.90133
3,201306,.0025370133,125.21821
3,201307,-2.5876393e-06,125.21789
3,201308,.0015964167,125.41779
3,201309,.00078876817,125.51671
3,201310,-.0036417886,125.05961
3,201311,-.00256996,124.7382
3,201312,.00011242794,124.75223
3,201401,.0047964081,125.35059
3,201402,.0037417505,125.81963
3,201403,.0068178838,126.67744
3,201404,.0032599424,127.09041
3,201405,.0033422241,127.51517
3,201406,.0017944196,127.74399
3,201407,-.00038328339,127.69503
3,201408,-.0020409087,127.43441
3,201409,-1.2588515e-06,127.43426
3,201410,-.0038710062,126.94096
3,201411,-.0070588919,126.0449
3,201412,-.0069821919,125.16483
3,201501,-.0074235843,124.23565
3,201502,.0050292439,124.86046
3,201503,.0069947261,125.73383
3,201504,.0019726939,125.98186
3,201505,.0062376498,126.76769
3,201506,.0033763803,127.1957
3,201507,.000016573107,127.19782
3,201508,-.0026940375,126.85514
3,201509,-.0032263696,126.44585
3,201510,-.0014984384,126.25639
3,201511,-.0031493448,125.85876
3,201512,-.0044975067,125.29272
3,201601,.00095435412,125.41228
3,201602,-.00095037988,125.2931
3,201603,.0053648134,125.96527
3,201604,.0064028809,126.77181
3,201605,.004664659,127.36316
3,201606,.0030364345,127.74989
3,201607,-.0027717268,127.3958
3,201608,.00005794394,127.40318
3,201609,.0021712845,127.67981
3,201610,.00080390554,127.78246
3,201611,-.001998421,127.52709
3,201612,-.0001936137,127.5024
3,201701,.0060049808,128.26805
3,201702,.0026791983,128.61171
3,201703,.0011039912,128.75369
3,201704,.0032727679,129.17506
3,201705,.00065707421,129.25995
3,201706,.00056417403,129.33287
3,201707,-.0014727,129.14241
3,201708,.0025206527,129.46793
3,201709,.0050637987,130.12354
3,201710,-.0013996534,129.94139
3,201711,-.00034876412,129.89609
3,201712,-.00071041583,129.8038
3,201801,.0057040364,130.5442
3,201802,.004011319,131.06787
3,201803,.0019509729,131.32356
3,201804,.0039397548,131.84096
3,201805,.0037786246,132.33913
3,201806,.0014045069,132.52501
3,201807,.000090491158,132.53699
3,201808,.00016830262,132.55931
3,201809,.00064416166,132.64468
3,201810,.0013006824,132.81723
3,201811,-.00353668,132.34749
3,201812,-.0045668464,131.74307
3,201901,.0013000572,131.91435
3,201902,.0037156085,132.4045
3,201903,.0053391829,133.11142
3,201904,.0047590872,133.7449
3,201905,.0016458086,133.96503
3,201906,-7.4624018e-06,133.96404
3,201907,.0016275544,134.18207
3,201908,-.00035165361,134.13489
3,201909,-.0009414503,134.00859
3,201910,.0014260423,134.19971
3,201911,-.00092361198,134.07576
3,201912,-.0019129983,133.81926
3,202001,.0036873617,134.31271
3,202002,.0019876887,134.57968
3,202003,-.0021910944,134.28479
3,202004,-.0060202088,133.47638
3,202005,-.0008150558,133.36758
3,202006,.0059943381,134.16704
3,202007,.0079412293,135.23248
3,202008,.0038880764,135.75829
3,202009,.0013453099,135.94092
3,202010,-.000068299276,135.93164
3,202011,-.0021979013,135.63287
3,202012,.00095726096,135.76271
3,202101,.0056078322,136.52405
3,202102,.0057453299,137.30843
3,202103,.0075258976,138.34178
3,202104,.0099175386,139.71379
3,202105,.0084015494,140.8876
3,202106,.0103004,142.33881
3,202107,.0050056381,143.0513
3,202108,.0024814385,143.40628
3,202109,.0030262596,143.84026
3,202110,.0079043414,144.97722
3,202111,.0046340916,145.64906
3,202112,.002390106,145.99718
3,202201,.0081349518,147.18486
3,202202,.0095718717,148.59369
3,202203,.014186724,150.70175
3,202204,.0046069333,151.39603
3,202205,.011400534,153.12202
3,202206,.013331893,155.16342
3,202207,-.00041621318,155.09885
3,202208,-.0014409483,154.87535
3,202209,.0021052603,155.20142
3,202210,.0047605899,155.94026
3,202211,-.0007656127,155.82088
3,202212,-.0043033888,155.15031
3,202301,.0080424612,156.39809
3,202302,.0044864998,157.09978
3,202303,.0030713612,157.58229
3,202304,.0057762666,158.49252
3,202305,.0036597305,159.07257
3,202306,.0038355305,159.68271
3,202307,.0014345865,159.91179
3,202308,.0048982888,160.69507
3,202309,.0023470859,161.07224
3,202310,-.00085475773,160.93456
3,202311,-.0033875091,160.38939
3,202312,-.0011003013,160.21291
3,202401,.0053723077,161.07364
3,202402,.0064203148,162.10776
3,202403,.0066800066,163.19064
3,202404,.0037565313,163.80368
3,202405,.0016034381,164.06635
3,202406,.000029278533,164.07114
3,202407,.00055826141,164.16273
3,202408,.00014236759,164.1861
3,202409,.001350385,164.40781
3,202410,.0011656602,164.59946
3,202411,-.0016077475,164.33482
3,202412,-.00055334059,164.2439
3,202501,.0062722024,165.27406
3,202502,.0041510975,165.96013
3,202503,.0021918355,166.32388
3,202504,.0030855248,166.83708
3,202505,.0019387851,167.16054
3,202506,.0036229324,167.76616
3,202507,.0014103213,168.00276
3,202508,.0028698323,168.48491
3,202509,.0024076044,168.89055
3,202510,-.0017077569,168.60213
3,202511,-.00086025934,168.45708
3,202512,-.00083344069,168.31667
3,202601,.0024638311,168.73138
3,202602,.0042682723,169.45158
3,202603,.011670687,171.4292
3,202604,.0084937736,172.88527
3,202605,.0064512319,174.00061
4,200201,0,100
4,200202,.0018807204,100.18808
4,200203,.0018520444,100.37363
4,200204,.0023301197,100.60751
4,200205,.00016617787,100.62423
4,200206,.00030966994,100.65539
4,200207,.00031100708,100.68669
4,200208,.0022112685,100.90934
4,200209,.002699164,101.18171
4,200210,.0010314862,101.28608
4,200211,.000030522689,101.28917
4,200212,-.001140377,101.17366
4,200301,.001460455,101.32143
4,200302,.0038583637,101.71236
4,200303,.0043503386,102.15483
4,200304,-.00073401182,102.07986
4,200305,-.00022250337,102.05714
4,200306,.00059906824,102.11829
4,200307,-.000078903271,102.11023
4,200308,.001421682,102.25539
4,200309,.0016441371,102.42352
4,200310,.00023743798,102.44783
4,200311,-.001416533,102.30271
4,200312,-.0013767524,102.16187
4,200401,.0020208734,102.36832
4,200402,.0034148814,102.7179
4,200403,.0025371797,102.97851
4,200404,.0018653179,103.1706
4,200405,.0022878789,103.40664
4,200406,.0014045959,103.55189
4,200407,-.0015903553,103.3872
4,200408,.0010049591,103.4911
4,200409,.0032272593,103.8251
4,200410,.0026781564,104.10315
4,200411,.0014975878,104.25906
4,200412,-.0020458961,104.04575
4,200501,.0020463043,104.25866
4,200502,.0025865692,104.52834
4,200503,.0031764815,104.86037
4,200504,.0030317495,105.17828
4,200505,.0012168053,105.30626
4,200506,.00039719814,105.34808
4,200507,.00095571077,105.44877
4,200508,.0020823132,105.66834
4,200509,.0053630248,106.23505
4,200510,.002787468,106.53117
4,200511,.0007156526,106.60742
4,200512,-.0021726915,106.37579
4,200601,.0041957386,106.82211
4,200602,.001110784,106.94077
4,200603,.0029622277,107.25755
4,200604,.0020355466,107.47588
4,200605,.0023376325,107.72712
4,200606,.0027165089,108.01976
4,200607,.0011907154,108.14838
4,200608,.0024161523,108.40968
4,200609,.0029673835,108.73138
4,200610,-.00077807461,108.64677
4,200611,-.001493492,108.48451
4,200612,-.00052731461,108.42731
4,200701,.0020817234,108.65303
4,200702,.0040455977,109.0926
4,200703,.0033214048,109.45493
4,200704,.0015326877,109.6227
4,200705,.0015889021,109.79688
4,200706,.0021355643,110.03135
4,200707,.00047415993,110.08353
4,200708,.0017798024,110.27945
4,200709,.003812491,110.6999
4,200710,.0023022881,110.95476
4,200711,.0017880716,111.15314
4,200712,-.00034795803,111.11447
4,200801,.0035395639,111.50777
4,200802,.0031756081,111.86188
4,200803,.0047266809,112.3906
4,200804,.0037493575,112.812
4,200805,.0029036801,113.13957
4,200806,.0043042479,113.62655
4,200807,.004066824,114.08865
4,200808,.0024754014,114.37106
4,200809,.0013238494,114.52248
4,200810,-.0012058179,114.38438
4,200811,-.0031006173,114.02972
4,200812,-.0034324706,113.63832
4,200901,.0011239543,113.76604
4,200902,.0015000813,113.9367
4,200903,.00089080899,114.0382
4,200904,.00052534859,114.09811
4,200905,1.9929730e-06,114.09834
4,200906,.0021558711,114.34431
4,200907,-.00064209494,114.27089
4,200908,.0014886137,114.441
4,200909,.0021491724,114.68695
4,200910,.0014712529,114.85569
4,200911,.00025408698,114.88487
4,200912,-.0021923867,114.633
4,201001,.0039038397,115.08051
4,201002,.00020345378,115.10392
4,201003,.0041972366,115.58704
4,201004,.0018048196,115.79565
4,201005,.00092082866,115.90228
4,201006,-.001071488,115.7781
4,201007,.00029429863,115.81217
4,201008,.0010647649,115.93548
4,201009,.000042221713,115.94038
4,201010,.0013206053,116.09349
4,201011,.000052889565,116.09962
4,201012,.0018540039,116.31487
4,201101,.0050586704,116.90327
4,201102,.0051484699,117.50514
4,201103,.01047164,118.73562
4,201104,.0067813932,119.54082
4,201105,.0046957373,120.10214
4,201106,-.0011603738,119.96278
4,201107,.0010530568,120.08911
4,201108,.0025038524,120.38979
4,201109,.001565216,120.57823
4,201110,-.0022535888,120.30649
4,201111,-.0010477134,120.18044
4,201112,-.0035526112,119.75349
4,201201,.004838977,120.33298
4,201202,.0045910999,120.88544
4,201203,.0080645885,121.86033
4,201204,.0032456657,122.25585
4,201205,-.00087569962,122.14879
4,201206,-.0016960024,121.94162
4,201207,-.0020627745,121.69009
4,201208,.0055295522,122.36298
4,201209,.004252736,122.88335
4,201210,-.00154764,122.69318
4,201211,-.0057516615,121.98748
4,201212,-.0041110395,121.48598
4,201301,.0028383795,121.83081
4,201302,.0090221083,122.92999
4,201303,.0024656823,123.23309
4,201304,-.0012383233,123.08049
4,201305,.0017766926,123.29917
4,201306,.002361286,123.59031
4,201307,.000044443776,123.5958
4,201308,.00084490702,123.70023
4,201309,.00084995921,123.80537
4,201310,-.0032346554,123.4049
4,201311,-.0026577772,123.07692
4,201312,-.00082238455,122.9757
4,201401,.0041965446,123.49178
4,201402,.0036792967,123.94614
4,201403,.0069912737,124.81268
4,201404,.0033018312,125.22479
4,201405,.0032257892,125.62874
4,201406,.0015598426,125.8247
4,201407,-.00046415237,125.7663
4,201408,-.0021641436,125.49412
4,201409,-.00025592142,125.46201
4,201410,-.0031723755,125.064
4,201411,-.00681403,124.21181
4,201412,-.0072526159,123.31094
4,201501,-.0067989947,122.47256
4,201502,.004965445,123.08069
4,201503,.0072171087,123.96897
4,201504,.0022514728,124.24809
4,201505,.0056172074,124.94601
4,201506,.0027703554,125.29215
4,201507,-.00040211985,125.24178
4,201508,-.0027618536,124.89587
4,201509,-.0033466925,124.47788
4,201510,-.001269899,124.31981
4,201511,-.0034262948,123.89385
4,201512,-.0050063711,123.27359
4,201601,.00095145043,123.39088
4,201602,-.00085616345,123.28525
4,201603,.0058934414,124.01181
4,201604,.0059644333,124.75147
4,201605,.0045937002,125.32455
4,201606,.0032102026,125.72686
4,201607,-.0032905876,125.31314
4,201608,-.000016589856,125.31107
4,201609,.0021113446,125.57564
4,201610,.0012757762,125.73586
4,201611,-.0020188617,125.48201
4,201612,-.00061832962,125.40442
4,201701,.0063995994,126.20696
4,201702,.0028793444,126.57035
4,201703,.0012724971,126.73141
4,201704,.0032963254,127.14915
4,201705,.0004518035,127.2066
4,201706,.00016392287,127.22746
4,201707,-.0022030273,126.94717
4,201708,.0028049063,127.30325
4,201709,.0055596875,128.01102
4,201710,-.0011238583,127.86715
4,201711,-.00061435974,127.78859
4,201712,-.00131432,127.62064
4,201801,.0055812299,128.33292
4,201802,.0037386327,128.8127
4,201803,.0021365026,129.08792
4,201804,.0040204762,129.6069
4,201805,.0034615754,130.05556
4,201806,.0013706574,130.23381
4,201807,.00025484219,130.267
4,201808,.00011664916,130.2822
4,201809,-.00024525722,130.25024
4,201810,.0013125414,130.4212
4,201811,-.0035005149,129.96466
4,201812,-.0041270861,129.42828
4,201901,.0018712733,129.67049
4,201902,.0041330806,130.20642
4,201903,.0051040659,130.871
4,201904,.0052684979,131.5605
4,201905,.0016037364,131.77148
4,201906,.00032668785,131.81453
4,201907,.0012941323,131.98512
4,201908,-.00062544219,131.90257
4,201909,-.00008507452,131.89134
4,201910,.0012468699,132.0558
4,201911,-.0014193844,131.86836
4,201912,-.002277066,131.56808
4,202001,.0041724714,132.11705
4,202002,.0026907667,132.47255
4,202003,-.0019584552,132.2131
4,202004,-.0063941432,131.36772
4,202005,-.00078956841,131.26399
4,202006,.005841807,132.03081
4,202007,.0071846135,132.9794
4,202008,.0031051044,133.39232
4,202009,.00061530102,133.4744
4,202010,-.00048784929,133.40927
4,202011,-.0022403325,133.1104
4,202012,.0012848766,133.28143
4,202101,.0050581512,133.9556
4,202102,.0057948921,134.73184
4,202103,.0067748325,135.64464
4,202104,.0085438369,136.80356
4,202105,.0082865413,137.93719
4,202106,.0089414716,139.17055
4,202107,.0053362614,139.91321
4,202108,.0019077131,140.18011
4,202109,.0030447268,140.60692
4,202110,.0072708037,141.62926
4,202111,.0045233564,142.26988
4,202112,.0033687814,142.74916
4,202201,.0081045609,143.90608
4,202202,.0094384281,145.26433
4,202203,.014431735,147.36075
4,202204,.0047965492,148.06757
4,202205,.011236379,149.73131
4,202206,.013130195,151.69731
4,202207,-.0011544274,151.52219
4,202208,-.0015489877,151.28749
4,202209,.0022869657,151.63347
4,202210,.0047858893,152.35916
4,202211,-.00097244576,152.211
4,202212,-.0038623293,151.62312
4,202301,.0082984446,152.88136
4,202302,.0045046262,153.57002
4,202303,.0031995107,154.06139
4,202304,.0063730422,155.04321
4,202305,.003355416,155.56346
4,202306,.0034199255,156.09547
4,202307,.0011209762,156.27045
4,202308,.0044760988,156.96994
4,202309,.0010565827,157.13579
4,202310,-.0014903636,156.9016
4,202311,-.0036751982,156.32495
4,202312,-.0012204426,156.13417
4,202401,.0050717825,156.92604
4,202402,.0064581418,157.93948
4,202403,.0067184637,159.00061
4,202404,.0040118452,159.6385
4,202405,.0013939241,159.86101
4,202406,-.000041845582,159.85432
4,202407,-.00027201659,159.81085
4,202408,.0001567367,159.83589
4,202409,.0012924641,160.04248
4,202410,.0010028373,160.20296
4,202411,-.001026278,160.03856
4,202412,-.00078919146,159.91225
4,202501,.0061971652,160.90326
4,202502,.0044231825,161.61496
4,202503,.0022199398,161.97372
4,202504,.0031865288,162.48988
4,202505,.0020918911,162.82977
4,202506,.0034961409,163.39906
4,202507,.0014899634,163.64252
4,202508,.0029733332,164.12907
4,202509,.0024685115,164.53424
4,202510,-.0019695396,164.21017
4,202511,-.0012175869,164.01024
4,202512,-.00082094304,163.8756
4,202601,.0026585327,164.31126
4,202602,.0044801747,165.04741
4,202603,.011613565,166.9642
4,202604,.0082693351,168.34488
4,202605,.0063335667,169.4111
5,200201,0,100
5,200202,.0021204697,100.21204
5,200203,.0028045147,100.4931
5,200204,.0020330583,100.6974
5,200205,.000038297414,100.70126
5,200206,-.00027089755,100.67398
5,200207,.00039391845,100.71364
5,200208,.0024626243,100.96165
5,200209,.003418254,101.30676
5,200210,.0018014433,101.48927
5,200211,-.00031160517,101.45764
5,200212,-.0023854931,101.21561
5,200301,.0011266822,101.32966
5,200302,.003863622,101.72115
5,200303,.0042788964,102.1564
5,200304,-.0007366144,102.08116
5,200305,-.00042073007,102.03821
5,200306,.00018959663,102.05756
5,200307,-.00036611382,102.0202
5,200308,.0025836218,102.28378
5,200309,.0029071521,102.58112
5,200310,.0015721687,102.7424
5,200311,-.00096186646,102.64359
5,200312,-.0013082162,102.50929
5,200401,.0023847572,102.75375
5,200402,.0035710738,103.1207
5,200403,.0030483019,103.43504
5,200404,.0021756107,103.66008
5,200405,.0017089758,103.83723
5,200406,.0012912389,103.97131
5,200407,-.0003406833,103.93589
5,200408,.0012945423,104.07043
5,200409,.0033860272,104.42281
5,200410,.0032836471,104.76571
5,200411,.0015951279,104.93282
5,200412,-.0020703482,104.71557
5,200501,.0015626522,104.87921
5,200502,.0028279778,105.1758
5,200503,.0036856353,105.56345
5,200504,.0030740963,105.88795
5,200505,.0012848963,106.02401
5,200506,.00036344666,106.06255
5,200507,.00067745097,106.13439
5,200508,.0019880268,106.3454
5,200509,.0057210093,106.9538
5,200510,.003480573,107.32606
5,200511,.00062072271,107.39268
5,200512,-.0024992907,107.12428
5,200601,.0042251879,107.5769
5,200602,.0011473489,107.70033
5,200603,.002886123,108.01116
5,200604,.0023873569,108.26902
5,200605,.0019318442,108.47818
5,200606,.0022374147,108.72089
5,200607,.0011402094,108.84486
5,200608,.0029244057,109.16316
5,200609,.0026948177,109.45734
5,200610,.00032134136,109.49251
5,200611,-.0017127364,109.30498
5,200612,-.00092796917,109.20354
5,200701,.0024531863,109.47144
5,200702,.0039092638,109.8994
5,200703,.0034417065,110.27764
5,200704,.0016271195,110.45707
5,200705,.0010329075,110.57117
5,200706,.0019258674,110.78411
5,200707,.00033517828,110.82124
5,200708,.0017326488,111.01325
5,200709,.0037461137,111.42912
5,200710,.0025090016,111.7087
5,200711,.0014110749,111.86633
5,200712,-.0010110289,111.75323
5,200801,.0035407231,112.14891
5,200802,.0030476851,112.49071
5,200803,.0045675705,113.00452
5,200804,.0035744363,113.40845
5,200805,.0031019228,113.76023
5,200806,.0045193937,114.27436
5,200807,.004464502,114.78454
5,200808,.0025564956,115.07798
5,200809,.0012515665,115.22202
5,200810,-.00099676498,115.10715
5,200811,-.0030598035,114.75496
5,200812,-.0043126647,114.26006
5,200901,.0014625374,114.42716
5,200902,.0023451811,114.69552
5,200903,.001064227,114.81758
5,200904,.000072872215,114.82594
5,200905,-.00019928394,114.80306
5,200906,.0019388921,115.02566
5,200907,-.00024799458,114.99713
5,200908,.001747833,115.19812
5,200909,.0028918043,115.53126
5,200910,.0018929787,115.74995
5,200911,.00059159048,115.81843
5,200912,-.001967428,115.59057
5,201001,.0027537271,115.90887
5,201002,.00041137694,115.95655
5,201003,.0035789127,116.37155
5,201004,.0015881968,116.55637
5,201005,.00089061097,116.66019
5,201006,-.00086919987,116.55878
5,201007,-.000030262756,116.55525
5,201008,.0014015768,116.71861
5,201009,.00062185683,116.7912
5,201010,.00082954415,116.88808
5,201011,-.0001815775,116.86685
5,201012,.00074463955,116.95388
5,201101,.0045564286,117.48677
5,201102,.0049250969,118.06541
5,201103,.0095459074,119.19244
5,201104,.0060483175,119.91335
5,201105,.0041975016,120.41669
5,201106,-.00076533318,120.32454
5,201107,.0010635701,120.45251
5,201108,.0027779748,120.78712
5,201109,.0014205924,120.95872
5,201110,-.0019140542,120.7272
5,201111,-.0012045166,120.58177
5,201112,-.003314734,120.18208
5,201201,.0040792334,120.67233
5,201202,.0039828671,121.15295
5,201203,.0073934118,122.04868
5,201204,.0029576491,122.40967
5,201205,-.00085131405,122.30545
5,201206,-.001047753,122.17731
5,201207,-.0017145976,121.96782
5,201208,.0047614295,122.54857
5,201209,.0037884503,123.01283
5,201210,-.00051129179,122.94994
5,201211,-.0048377914,122.35513
5,201212,-.0036433195,121.90935
5,201301,.003097726,122.28699
5,201302,.0080777546,123.2748
5,201303,.0025843992,123.59339
5,201304,-.00071342551,123.50522
5,201305,.0015809867,123.70048
5,201306,.0020077622,123.94883
5,201307,-.000099061239,123.93656
5,201308,.00073183276,124.02726
5,201309,.0010535867,124.15794
5,201310,-.0026324575,123.83109
5,201311,-.0018254394,123.60504
5,201312,-.0010775138,123.47186
5,201401,.0031414207,123.85973
5,201402,.0038701163,124.33909
5,201403,.0064874701,125.14573
5,201404,.0032146692,125.54803
5,201405,.0030340161,125.92895
5,201406,.0011348337,126.07185
5,201407,-.00078428461,125.97298
5,201408,-.0021271806,125.70502
5,201409,.00097542536,125.82763
5,201410,-.0016941008,125.61446
5,201411,-.0056540994,124.90423
5,201412,-.006561249,124.0847
5,201501,-.0047953385,123.48967
5,201502,.0042025875,124.00865
5,201503,.0065329005,124.81879
5,201504,.0024822773,125.12862
5,201505,.004957682,125.74896
5,201506,.0027327081,126.0926
5,201507,-.00038916583,126.04353
5,201508,-.0028250788,125.68745
5,201509,-.0016098629,125.48511
5,201510,-.00029871668,125.44762
5,201511,-.0028664272,125.08804
5,201512,-.0048210877,124.48498
5,201601,.0015881115,124.68267
5,201602,.00089982053,124.79487
5,201603,.0045151133,125.35832
5,201604,.005406341,126.03606
5,201605,.0042986781,126.57785
5,201606,.0025040423,126.89481
5,201607,-.0031439464,126.49585
5,201608,-.000092165712,126.4842
5,201609,.0020160088,126.73919
5,201610,.0013586915,126.91138
5,201611,-.0019624587,126.66232
5,201612,-.00065201323,126.57974
5,201701,.0054135905,127.26499
5,201702,.003046154,127.65266
5,201703,.0010297652,127.78412
5,201704,.002852882,128.14867
5,201705,.00065786974,128.23297
5,201706,-.0001736272,128.21071
5,201707,-.0028062924,127.85091
5,201708,.0022418781,128.13753
5,201709,.0047548087,128.74681
5,201710,-.00056988973,128.67343
5,201711,-.001386242,128.49506
5,201712,-.0014605614,128.30739
5,201801,.0055656256,129.0215
5,201802,.0042075235,129.56436
5,201803,.0023018145,129.86259
5,201804,.0041901185,130.40674
5,201805,.003423461,130.85318
5,201806,.0010207007,130.98674
5,201807,-.00010998518,130.97234
5,201808,.00022297083,131.00153
5,201809,.0010381849,131.13754
5,201810,.0014802612,131.33167
5,201811,-.0031885453,130.9129
5,201812,-.0039832243,130.39145
5,201901,.0024164624,130.70653
5,201902,.0041078315,131.24345
5,201903,.0050435914,131.90538
5,201904,.0043340372,132.47707
5,201905,.00072170672,132.57268
5,201906,.00041474152,132.62766
5,201907,.00092310674,132.75009
5,201908,-.00060407305,132.66991
5,201909,.00058341824,132.74731
5,201910,.0011750701,132.90329
5,201911,-.0015898285,132.692
5,201912,-.0029103325,132.30582
5,202001,.0039427388,132.82747
5,202002,.0032935874,133.26495
5,202003,-.0022181054,132.96936
5,202004,-.004808689,132.32994
5,202005,-.00071982294,132.2347
5,202006,.004941395,132.88811
5,202007,.006398337,133.73837
5,202008,.0047721551,134.3766
5,202009,.0013138765,134.55315
5,202010,.000097979981,134.56633
5,202011,-.0014459214,134.37177
5,202012,.00085066812,134.48607
5,202101,.0050207046,135.16129
5,202102,.004918131,135.82602
5,202103,.0063716434,136.69145
5,202104,.0087883249,137.89275
5,202105,.0080260029,138.99948
5,202106,.0096255252,140.33742
5,202107,.0058155651,141.15356
5,202108,.00098337943,141.29237
5,202109,.0021841549,141.60097
5,202110,.0070153158,142.59435
5,202111,.0038132686,143.13809
5,202112,.0025386915,143.50148
5,202201,.0085409395,144.72711
5,202202,.0092592724,146.06718
5,202203,.014748642,148.22148
5,202204,.0068056821,149.23022
5,202205,.011041254,150.87791
5,202206,.011489362,152.6114
5,202207,-.0012256637,152.42436
5,202208,-.00097222917,152.27617
5,202209,.0017902863,152.54878
5,202210,.0039625233,153.15326
5,202211,-.00072629825,153.04204
5,202212,-.0027879768,152.61534
5,202301,.0076663848,153.78535
5,202302,.0051936437,154.58406
5,202303,.0036692871,155.15128
5,202304,.0044019409,155.83423
5,202305,.0024614835,156.21782
5,202306,.0025736543,156.61987
5,202307,.0001277172,156.63988
5,202308,.0024859291,157.02928
5,202309,.0020344991,157.34875
5,202310,-.00089491054,157.20795
5,202311,-.0038365393,156.60481
5,202312,-.0015100323,156.36833
5,202401,.0054340456,157.21803
5,202402,.0062486092,158.20042
5,202403,.0062002805,159.18132
5,202404,.0039339829,159.80754
5,202405,.0014956746,160.04655
5,202406,.000075230819,160.05861
5,202407,-.00059573335,159.96324
5,202408,.00046335263,160.03737
5,202409,.0017449385,160.31662
5,202410,.0013538541,160.53366
5,202411,-.001546343,160.28543
5,202412,-.0017270099,160.00862
5,202501,.0061243954,160.98856
5,202502,.0041358373,161.65439
5,202503,.0023486412,162.03406
5,202504,.0031510585,162.54465
5,202505,.0022194046,162.9054
5,202506,.0029735838,163.3898
5,202507,.0012538423,163.59467
5,202508,.0031737864,164.11389
5,202509,.0026555799,164.5497
5,202510,-.0019924974,164.22183
5,202511,-.001569121,163.96416
5,202512,.000015180158,163.96663
5,202601,.0034423154,164.53105
5,202602,.0050666365,165.36469
5,202603,.010296075,167.06729
5,202604,.0075395354,168.3269
5,202605,.0058970689,169.31953
